id,firstname,lastname,email,email2,profession
100,Ketti,Lamoree,Ketti.Lamoree@yopmail.com,Ketti.Lamoree@gmail.com,developer
101,Ebonee,Boycey,Ebonee.Boycey@yopmail.com,Ebonee.Boycey@gmail.com,doctor
102,Ulrike,Kenney,Ulrike.Kenney@yopmail.com,Ulrike.Kenney@gmail.com,firefighter
103,Johna,Eno,Johna.Eno@yopmail.com,Johna.Eno@gmail.com,firefighter
104,Teddie,Knowling,Teddie.Knowling@yopmail.com,Teddie.Knowling@gmail.com,worker
105,Maurene,Fink,Maurene.Fink@yopmail.com,Maurene.Fink@gmail.com,developer
106,Shirlee,Bohlin,Shirlee.Bohlin@yopmail.com,Shirlee.Bohlin@gmail.com,worker
107,Wanda,Schlosser,Wanda.Schlosser@yopmail.com,Wanda.Schlosser@gmail.com,developer
108,Flo,Haldas,Flo.Haldas@yopmail.com,Flo.Haldas@gmail.com,worker
109,Jolyn,Dermott,Jolyn.Dermott@yopmail.com,Jolyn.Dermott@gmail.com,police officer
110,Catharine,Stevy,Catharine.Stevy@yopmail.com,Catharine.Stevy@gmail.com,firefighter
111,Nickie,Nelsen,Nickie.Nelsen@yopmail.com,Nickie.Nelsen@gmail.com,doctor
112,Kimberley,Fiann,Kimberley.Fiann@yopmail.com,Kimberley.Fiann@gmail.com,doctor
113,Merci,Hylan,Merci.Hylan@yopmail.com,Merci.Hylan@gmail.com,doctor
114,Lauryn,Berl,Lauryn.Berl@yopmail.com,Lauryn.Berl@gmail.com,doctor
115,Julieta,Carolin,Julieta.Carolin@yopmail.com,Julieta.Carolin@gmail.com,police officer
116,Jsandye,Sherrie,Jsandye.Sherrie@yopmail.com,Jsandye.Sherrie@gmail.com,worker
117,Phedra,Lane,Phedra.Lane@yopmail.com,Phedra.Lane@gmail.com,firefighter
118,Ericka,Bronk,Ericka.Bronk@yopmail.com,Ericka.Bronk@gmail.com,developer
119,Darlleen,Emmy,Darlleen.Emmy@yopmail.com,Darlleen.Emmy@gmail.com,firefighter
120,Arlina,Keily,Arlina.Keily@yopmail.com,Arlina.Keily@gmail.com,developer
121,Britte,Cressida,Britte.Cressida@yopmail.com,Britte.Cressida@gmail.com,developer
122,Viviene,Guthrie,Viviene.Guthrie@yopmail.com,Viviene.Guthrie@gmail.com,firefighter
123,Gavrielle,Faro,Gavrielle.Faro@yopmail.com,Gavrielle.Faro@gmail.com,firefighter
124,Kylynn,Sheedy,Kylynn.Sheedy@yopmail.com,Kylynn.Sheedy@gmail.com,firefighter
125,Kirbee,Sikorski,Kirbee.Sikorski@yopmail.com,Kirbee.Sikorski@gmail.com,worker
126,Merry,Junie,Merry.Junie@yopmail.com,Merry.Junie@gmail.com,developer
127,Aigneis,Thunell,Aigneis.Thunell@yopmail.com,Aigneis.Thunell@gmail.com,firefighter
128,Minne,Byrne,Minne.Byrne@yopmail.com,Minne.Byrne@gmail.com,developer
129,Kimberley,Anastatius,Kimberley.Anastatius@yopmail.com,Kimberley.Anastatius@gmail.com,police officer
130,Renae,Jillane,Renae.Jillane@yopmail.com,Renae.Jillane@gmail.com,doctor
131,Sissy,Rooney,Sissy.Rooney@yopmail.com,Sissy.Rooney@gmail.com,police officer
132,Daphne,Yuille,Daphne.Yuille@yopmail.com,Daphne.Yuille@gmail.com,developer
133,Allyce,Denis,Allyce.Denis@yopmail.com,Allyce.Denis@gmail.com,developer
134,Aigneis,Izaak,Aigneis.Izaak@yopmail.com,Aigneis.Izaak@gmail.com,firefighter
135,Anthia,Jenness,Anthia.Jenness@yopmail.com,Anthia.Jenness@gmail.com,developer
136,Jennica,Junie,Jennica.Junie@yopmail.com,Jennica.Junie@gmail.com,doctor
137,Silvana,Vilma,Silvana.Vilma@yopmail.com,Silvana.Vilma@gmail.com,developer
138,Betta,Lubin,Betta.Lubin@yopmail.com,Betta.Lubin@gmail.com,firefighter
139,Ezmeralda,Tufts,Ezmeralda.Tufts@yopmail.com,Ezmeralda.Tufts@gmail.com,developer
140,Fernande,Tristram,Fernande.Tristram@yopmail.com,Fernande.Tristram@gmail.com,worker
141,Hope,Warthman,Hope.Warthman@yopmail.com,Hope.Warthman@gmail.com,firefighter
142,Kimmy,Kristi,Kimmy.Kristi@yopmail.com,Kimmy.Kristi@gmail.com,doctor
143,Aeriela,Therine,Aeriela.Therine@yopmail.com,Aeriela.Therine@gmail.com,firefighter
144,Tobe,Dawkins,Tobe.Dawkins@yopmail.com,Tobe.Dawkins@gmail.com,police officer
145,Shannah,Percy,Shannah.Percy@yopmail.com,Shannah.Percy@gmail.com,police officer
146,Millie,Mauer,Millie.Mauer@yopmail.com,Millie.Mauer@gmail.com,doctor
147,Pierette,Bates,Pierette.Bates@yopmail.com,Pierette.Bates@gmail.com,doctor
148,Elvira,Solitta,Elvira.Solitta@yopmail.com,Elvira.Solitta@gmail.com,firefighter
149,Melisent,Norvol,Melisent.Norvol@yopmail.com,Melisent.Norvol@gmail.com,developer
150,Verla,Diogenes,Verla.Diogenes@yopmail.com,Verla.Diogenes@gmail.com,firefighter
151,Joane,Helfand,Joane.Helfand@yopmail.com,Joane.Helfand@gmail.com,firefighter
152,Pierette,Neils,Pierette.Neils@yopmail.com,Pierette.Neils@gmail.com,doctor
153,Konstance,Smitt,Konstance.Smitt@yopmail.com,Konstance.Smitt@gmail.com,doctor
154,Nita,Barney,Nita.Barney@yopmail.com,Nita.Barney@gmail.com,developer
155,Chere,Nester,Chere.Nester@yopmail.com,Chere.Nester@gmail.com,doctor
156,Liana,Jerald,Liana.Jerald@yopmail.com,Liana.Jerald@gmail.com,worker
157,Emma,Smitt,Emma.Smitt@yopmail.com,Emma.Smitt@gmail.com,doctor
158,Lucy,Nea,Lucy.Nea@yopmail.com,Lucy.Nea@gmail.com,doctor
159,Bee,Phi,Bee.Phi@yopmail.com,Bee.Phi@gmail.com,police officer
160,Amara,Prober,Amara.Prober@yopmail.com,Amara.Prober@gmail.com,worker
161,Karolina,Borrell,Karolina.Borrell@yopmail.com,Karolina.Borrell@gmail.com,developer
162,Stephanie,Brian,Stephanie.Brian@yopmail.com,Stephanie.Brian@gmail.com,developer
163,Talya,Gaynor,Talya.Gaynor@yopmail.com,Talya.Gaynor@gmail.com,doctor
164,Sue,Regan,Sue.Regan@yopmail.com,Sue.Regan@gmail.com,developer
165,Annabela,Connelly,Annabela.Connelly@yopmail.com,Annabela.Connelly@gmail.com,developer
166,Lulita,Stacy,Lulita.Stacy@yopmail.com,Lulita.Stacy@gmail.com,developer
167,Dennie,Meter,Dennie.Meter@yopmail.com,Dennie.Meter@gmail.com,firefighter
168,Malina,Richers,Malina.Richers@yopmail.com,Malina.Richers@gmail.com,firefighter
169,Drucie,Swanhildas,Drucie.Swanhildas@yopmail.com,Drucie.Swanhildas@gmail.com,doctor
170,Johna,Harriman,Johna.Harriman@yopmail.com,Johna.Harriman@gmail.com,worker
171,Romona,Schalles,Romona.Schalles@yopmail.com,Romona.Schalles@gmail.com,developer
172,Kimberley,Fitzsimmons,Kimberley.Fitzsimmons@yopmail.com,Kimberley.Fitzsimmons@gmail.com,worker
173,Roseline,Serilda,Roseline.Serilda@yopmail.com,Roseline.Serilda@gmail.com,worker
174,Bibby,Gwenore,Bibby.Gwenore@yopmail.com,Bibby.Gwenore@gmail.com,worker
175,Kimmy,Sawtelle,Kimmy.Sawtelle@yopmail.com,Kimmy.Sawtelle@gmail.com,doctor
176,Devina,Afton,Devina.Afton@yopmail.com,Devina.Afton@gmail.com,worker
177,Gabi,Joni,Gabi.Joni@yopmail.com,Gabi.Joni@gmail.com,doctor
178,Valera,Fabiola,Valera.Fabiola@yopmail.com,Valera.Fabiola@gmail.com,police officer
179,Emylee,Ephrem,Emylee.Ephrem@yopmail.com,Emylee.Ephrem@gmail.com,doctor
180,Jere,Timon,Jere.Timon@yopmail.com,Jere.Timon@gmail.com,developer
181,Aili,Truc,Aili.Truc@yopmail.com,Aili.Truc@gmail.com,police officer
182,Addia,Lumbard,Addia.Lumbard@yopmail.com,Addia.Lumbard@gmail.com,doctor
183,Pierette,Monk,Pierette.Monk@yopmail.com,Pierette.Monk@gmail.com,doctor
184,Catharine,Burch,Catharine.Burch@yopmail.com,Catharine.Burch@gmail.com,worker
185,Jany,Levey,Jany.Levey@yopmail.com,Jany.Levey@gmail.com,firefighter
186,Alisha,Evvie,Alisha.Evvie@yopmail.com,Alisha.Evvie@gmail.com,police officer
187,Fidelia,Bergman,Fidelia.Bergman@yopmail.com,Fidelia.Bergman@gmail.com,developer
188,Nadine,Ashok,Nadine.Ashok@yopmail.com,Nadine.Ashok@gmail.com,doctor
189,Winifred,Rese,Winifred.Rese@yopmail.com,Winifred.Rese@gmail.com,developer
190,Merci,Charmine,Merci.Charmine@yopmail.com,Merci.Charmine@gmail.com,firefighter
191,Mathilda,Japeth,Mathilda.Japeth@yopmail.com,Mathilda.Japeth@gmail.com,police officer
192,Charmaine,Parette,Charmaine.Parette@yopmail.com,Charmaine.Parette@gmail.com,firefighter
193,Charissa,Ingra,Charissa.Ingra@yopmail.com,Charissa.Ingra@gmail.com,developer
194,Aigneis,Denis,Aigneis.Denis@yopmail.com,Aigneis.Denis@gmail.com,worker
195,Magdalena,Pernick,Magdalena.Pernick@yopmail.com,Magdalena.Pernick@gmail.com,doctor
196,Brandise,Kesley,Brandise.Kesley@yopmail.com,Brandise.Kesley@gmail.com,worker
197,Sophia,Hertzfeld,Sophia.Hertzfeld@yopmail.com,Sophia.Hertzfeld@gmail.com,doctor
198,Esmeralda,Desai,Esmeralda.Desai@yopmail.com,Esmeralda.Desai@gmail.com,firefighter
199,Kassey,Barney,Kassey.Barney@yopmail.com,Kassey.Barney@gmail.com,firefighter
200,Dari,Concha,Dari.Concha@yopmail.com,Dari.Concha@gmail.com,doctor
201,Nikki,O'Neill,Nikki.O'Neill@yopmail.com,Nikki.O'Neill@gmail.com,police officer
202,Maurene,Bonilla,Maurene.Bonilla@yopmail.com,Maurene.Bonilla@gmail.com,developer
203,Charmaine,Hillel,Charmaine.Hillel@yopmail.com,Charmaine.Hillel@gmail.com,doctor
204,Odessa,Vernier,Odessa.Vernier@yopmail.com,Odessa.Vernier@gmail.com,police officer
205,Kara-Lynn,Herrera,Kara-Lynn.Herrera@yopmail.com,Kara-Lynn.Herrera@gmail.com,firefighter
206,Aaren,Ade,Aaren.Ade@yopmail.com,Aaren.Ade@gmail.com,firefighter
207,Elmira,Mintz,Elmira.Mintz@yopmail.com,Elmira.Mintz@gmail.com,developer
208,Chandra,Guthrie,Chandra.Guthrie@yopmail.com,Chandra.Guthrie@gmail.com,firefighter
209,Gusty,Bollay,Gusty.Bollay@yopmail.com,Gusty.Bollay@gmail.com,worker
210,Orelia,Gherardo,Orelia.Gherardo@yopmail.com,Orelia.Gherardo@gmail.com,doctor
211,Gianina,Old,Gianina.Old@yopmail.com,Gianina.Old@gmail.com,police officer
212,Elbertina,Elo,Elbertina.Elo@yopmail.com,Elbertina.Elo@gmail.com,developer
213,Marti,Henrie,Marti.Henrie@yopmail.com,Marti.Henrie@gmail.com,firefighter
214,Britte,Adrienne,Britte.Adrienne@yopmail.com,Britte.Adrienne@gmail.com,doctor
215,Shannah,Burnside,Shannah.Burnside@yopmail.com,Shannah.Burnside@gmail.com,developer
216,Atlanta,Toni,Atlanta.Toni@yopmail.com,Atlanta.Toni@gmail.com,firefighter
217,Babita,Byrne,Babita.Byrne@yopmail.com,Babita.Byrne@gmail.com,doctor
218,Ida,Azeria,Ida.Azeria@yopmail.com,Ida.Azeria@gmail.com,developer
219,Codie,Roumell,Codie.Roumell@yopmail.com,Codie.Roumell@gmail.com,worker
220,Kristan,Skell,Kristan.Skell@yopmail.com,Kristan.Skell@gmail.com,doctor
221,Jordan,Avi,Jordan.Avi@yopmail.com,Jordan.Avi@gmail.com,developer
222,Steffane,Vins,Steffane.Vins@yopmail.com,Steffane.Vins@gmail.com,worker
223,Briney,Flita,Briney.Flita@yopmail.com,Briney.Flita@gmail.com,firefighter
224,Sallie,Creamer,Sallie.Creamer@yopmail.com,Sallie.Creamer@gmail.com,developer
225,Oralee,Fitzsimmons,Oralee.Fitzsimmons@yopmail.com,Oralee.Fitzsimmons@gmail.com,developer
226,Aeriela,Audly,Aeriela.Audly@yopmail.com,Aeriela.Audly@gmail.com,firefighter
227,Lelah,Mandler,Lelah.Mandler@yopmail.com,Lelah.Mandler@gmail.com,doctor
228,Barbi,Bebe,Barbi.Bebe@yopmail.com,Barbi.Bebe@gmail.com,doctor
229,Robinia,Boehike,Robinia.Boehike@yopmail.com,Robinia.Boehike@gmail.com,developer
230,Catrina,Sherrie,Catrina.Sherrie@yopmail.com,Catrina.Sherrie@gmail.com,police officer
231,Cathyleen,Goode,Cathyleen.Goode@yopmail.com,Cathyleen.Goode@gmail.com,police officer
232,Candi,Kiyoshi,Candi.Kiyoshi@yopmail.com,Candi.Kiyoshi@gmail.com,doctor
233,Kylynn,Denis,Kylynn.Denis@yopmail.com,Kylynn.Denis@gmail.com,doctor
234,Averyl,Kimmie,Averyl.Kimmie@yopmail.com,Averyl.Kimmie@gmail.com,doctor
235,Sheelagh,Kravits,Sheelagh.Kravits@yopmail.com,Sheelagh.Kravits@gmail.com,doctor
236,Tobe,Zachary,Tobe.Zachary@yopmail.com,Tobe.Zachary@gmail.com,doctor
237,Laure,Lytton,Laure.Lytton@yopmail.com,Laure.Lytton@gmail.com,developer
238,Tami,Fiester,Tami.Fiester@yopmail.com,Tami.Fiester@gmail.com,firefighter
239,Feliza,Manolo,Feliza.Manolo@yopmail.com,Feliza.Manolo@gmail.com,developer
240,Livvyy,Wattenberg,Livvyy.Wattenberg@yopmail.com,Livvyy.Wattenberg@gmail.com,doctor
241,Berta,Garek,Berta.Garek@yopmail.com,Berta.Garek@gmail.com,police officer
242,Taffy,Charmine,Taffy.Charmine@yopmail.com,Taffy.Charmine@gmail.com,developer
243,Farrah,Ogren,Farrah.Ogren@yopmail.com,Farrah.Ogren@gmail.com,developer
244,Courtnay,Tjon,Courtnay.Tjon@yopmail.com,Courtnay.Tjon@gmail.com,worker
245,Valera,Payson,Valera.Payson@yopmail.com,Valera.Payson@gmail.com,doctor
246,Arabel,Brodench,Arabel.Brodench@yopmail.com,Arabel.Brodench@gmail.com,police officer
247,Kathy,Selway,Kathy.Selway@yopmail.com,Kathy.Selway@gmail.com,police officer
248,Paulita,Freddi,Paulita.Freddi@yopmail.com,Paulita.Freddi@gmail.com,worker
249,Genevra,Juan,Genevra.Juan@yopmail.com,Genevra.Juan@gmail.com,doctor
250,Gwenneth,Kazimir,Gwenneth.Kazimir@yopmail.com,Gwenneth.Kazimir@gmail.com,worker
251,Betta,Sinegold,Betta.Sinegold@yopmail.com,Betta.Sinegold@gmail.com,worker
252,Cristine,Fulmer,Cristine.Fulmer@yopmail.com,Cristine.Fulmer@gmail.com,firefighter
253,Lindie,Evvie,Lindie.Evvie@yopmail.com,Lindie.Evvie@gmail.com,developer
254,Morganica,Garrison,Morganica.Garrison@yopmail.com,Morganica.Garrison@gmail.com,doctor
255,Max,Gunn,Max.Gunn@yopmail.com,Max.Gunn@gmail.com,developer
256,Neila,Daveta,Neila.Daveta@yopmail.com,Neila.Daveta@gmail.com,developer
257,Siana,Jaylene,Siana.Jaylene@yopmail.com,Siana.Jaylene@gmail.com,police officer
258,Di,Jerold,Di.Jerold@yopmail.com,Di.Jerold@gmail.com,worker
259,Trixi,Giff,Trixi.Giff@yopmail.com,Trixi.Giff@gmail.com,police officer
260,Jenilee,Genna,Jenilee.Genna@yopmail.com,Jenilee.Genna@gmail.com,developer
261,Dulce,Juliet,Dulce.Juliet@yopmail.com,Dulce.Juliet@gmail.com,doctor
262,Dyann,Gaulin,Dyann.Gaulin@yopmail.com,Dyann.Gaulin@gmail.com,firefighter
263,Diena,Willie,Diena.Willie@yopmail.com,Diena.Willie@gmail.com,developer
264,Ardys,Roarke,Ardys.Roarke@yopmail.com,Ardys.Roarke@gmail.com,worker
265,Fina,Ochs,Fina.Ochs@yopmail.com,Fina.Ochs@gmail.com,developer
266,Taffy,Elo,Taffy.Elo@yopmail.com,Taffy.Elo@gmail.com,police officer
267,Julieta,Azeria,Julieta.Azeria@yopmail.com,Julieta.Azeria@gmail.com,doctor
268,Fanchon,Dosia,Fanchon.Dosia@yopmail.com,Fanchon.Dosia@gmail.com,doctor
269,Orelia,Gibbeon,Orelia.Gibbeon@yopmail.com,Orelia.Gibbeon@gmail.com,firefighter
270,Krystle,Bryna,Krystle.Bryna@yopmail.com,Krystle.Bryna@gmail.com,firefighter
271,Arlina,Manolo,Arlina.Manolo@yopmail.com,Arlina.Manolo@gmail.com,police officer
272,Deirdre,Albertine,Deirdre.Albertine@yopmail.com,Deirdre.Albertine@gmail.com,doctor
273,Carlie,Ogren,Carlie.Ogren@yopmail.com,Carlie.Ogren@gmail.com,worker
274,Shannah,Drisko,Shannah.Drisko@yopmail.com,Shannah.Drisko@gmail.com,firefighter
275,Millie,Dominy,Millie.Dominy@yopmail.com,Millie.Dominy@gmail.com,worker
276,Anica,Sherrie,Anica.Sherrie@yopmail.com,Anica.Sherrie@gmail.com,doctor
277,Katuscha,Peti,Katuscha.Peti@yopmail.com,Katuscha.Peti@gmail.com,worker
278,Michaelina,An,Michaelina.An@yopmail.com,Michaelina.An@gmail.com,doctor
279,Nita,Emerson,Nita.Emerson@yopmail.com,Nita.Emerson@gmail.com,police officer
280,Amii,Jillane,Amii.Jillane@yopmail.com,Amii.Jillane@gmail.com,doctor
281,Maisey,Mayeda,Maisey.Mayeda@yopmail.com,Maisey.Mayeda@gmail.com,developer
282,Ingrid,Maroney,Ingrid.Maroney@yopmail.com,Ingrid.Maroney@gmail.com,police officer
283,Maurene,Smitt,Maurene.Smitt@yopmail.com,Maurene.Smitt@gmail.com,police officer
284,Konstance,Narton,Konstance.Narton@yopmail.com,Konstance.Narton@gmail.com,police officer
285,Barbi,Nore,Barbi.Nore@yopmail.com,Barbi.Nore@gmail.com,developer
286,Adele,Brotherson,Adele.Brotherson@yopmail.com,Adele.Brotherson@gmail.com,firefighter
287,Tilly,Ummersen,Tilly.Ummersen@yopmail.com,Tilly.Ummersen@gmail.com,firefighter
288,Gisela,Gregrory,Gisela.Gregrory@yopmail.com,Gisela.Gregrory@gmail.com,developer
289,Noelle,Iaverne,Noelle.Iaverne@yopmail.com,Noelle.Iaverne@gmail.com,worker
290,Barbi,Laverne,Barbi.Laverne@yopmail.com,Barbi.Laverne@gmail.com,developer
291,Margalo,Anton,Margalo.Anton@yopmail.com,Margalo.Anton@gmail.com,doctor
292,Melodie,Darbie,Melodie.Darbie@yopmail.com,Melodie.Darbie@gmail.com,worker
293,Coral,Zina,Coral.Zina@yopmail.com,Coral.Zina@gmail.com,worker
294,Ulrike,Pattin,Ulrike.Pattin@yopmail.com,Ulrike.Pattin@gmail.com,doctor
295,Jaclyn,Dash,Jaclyn.Dash@yopmail.com,Jaclyn.Dash@gmail.com,doctor
296,Jackie,Byrne,Jackie.Byrne@yopmail.com,Jackie.Byrne@gmail.com,doctor
297,Cherrita,Geffner,Cherrita.Geffner@yopmail.com,Cherrita.Geffner@gmail.com,police officer
298,Teddie,Presber,Teddie.Presber@yopmail.com,Teddie.Presber@gmail.com,worker
299,Raf,Schroth,Raf.Schroth@yopmail.com,Raf.Schroth@gmail.com,firefighter
300,Queenie,Hieronymus,Queenie.Hieronymus@yopmail.com,Queenie.Hieronymus@gmail.com,worker
301,Magdalena,Vorster,Magdalena.Vorster@yopmail.com,Magdalena.Vorster@gmail.com,police officer
302,Kimmy,Khorma,Kimmy.Khorma@yopmail.com,Kimmy.Khorma@gmail.com,police officer
303,Meriel,Nahum,Meriel.Nahum@yopmail.com,Meriel.Nahum@gmail.com,police officer
304,Tabbatha,Schalles,Tabbatha.Schalles@yopmail.com,Tabbatha.Schalles@gmail.com,worker
305,Nerta,Suzetta,Nerta.Suzetta@yopmail.com,Nerta.Suzetta@gmail.com,police officer
306,Maye,Bord,Maye.Bord@yopmail.com,Maye.Bord@gmail.com,firefighter
307,Audrie,Sidonius,Audrie.Sidonius@yopmail.com,Audrie.Sidonius@gmail.com,police officer
308,Mignon,Milde,Mignon.Milde@yopmail.com,Mignon.Milde@gmail.com,police officer
309,Emma,Leopold,Emma.Leopold@yopmail.com,Emma.Leopold@gmail.com,firefighter
310,Kellen,Phaidra,Kellen.Phaidra@yopmail.com,Kellen.Phaidra@gmail.com,firefighter
311,Emilia,Valerio,Emilia.Valerio@yopmail.com,Emilia.Valerio@gmail.com,doctor
312,Farrah,Pyle,Farrah.Pyle@yopmail.com,Farrah.Pyle@gmail.com,developer
313,Perry,Lane,Perry.Lane@yopmail.com,Perry.Lane@gmail.com,firefighter
314,Pamella,Emmaline,Pamella.Emmaline@yopmail.com,Pamella.Emmaline@gmail.com,developer
315,Nita,Tyson,Nita.Tyson@yopmail.com,Nita.Tyson@gmail.com,doctor
316,Stevana,Arne,Stevana.Arne@yopmail.com,Stevana.Arne@gmail.com,developer
317,Gretal,Firmin,Gretal.Firmin@yopmail.com,Gretal.Firmin@gmail.com,worker
318,Melanie,Engdahl,Melanie.Engdahl@yopmail.com,Melanie.Engdahl@gmail.com,worker
319,Moyna,Stuart,Moyna.Stuart@yopmail.com,Moyna.Stuart@gmail.com,doctor
320,Doro,Germann,Doro.Germann@yopmail.com,Doro.Germann@gmail.com,police officer
321,Henriette,Jillane,Henriette.Jillane@yopmail.com,Henriette.Jillane@gmail.com,police officer
322,Christal,Karylin,Christal.Karylin@yopmail.com,Christal.Karylin@gmail.com,firefighter
323,Kaia,Docilla,Kaia.Docilla@yopmail.com,Kaia.Docilla@gmail.com,developer
324,Aeriela,Bouchard,Aeriela.Bouchard@yopmail.com,Aeriela.Bouchard@gmail.com,developer
325,Sean,Donell,Sean.Donell@yopmail.com,Sean.Donell@gmail.com,firefighter
326,Lelah,Weaks,Lelah.Weaks@yopmail.com,Lelah.Weaks@gmail.com,doctor
327,Gui,Madaih,Gui.Madaih@yopmail.com,Gui.Madaih@gmail.com,police officer
328,Albertina,Merriott,Albertina.Merriott@yopmail.com,Albertina.Merriott@gmail.com,worker
329,Hyacinthe,Niccolo,Hyacinthe.Niccolo@yopmail.com,Hyacinthe.Niccolo@gmail.com,worker
330,Sidoney,Edison,Sidoney.Edison@yopmail.com,Sidoney.Edison@gmail.com,worker
331,Diena,Terrence,Diena.Terrence@yopmail.com,Diena.Terrence@gmail.com,police officer
332,Madalyn,Standing,Madalyn.Standing@yopmail.com,Madalyn.Standing@gmail.com,doctor
333,Trudie,Presber,Trudie.Presber@yopmail.com,Trudie.Presber@gmail.com,police officer
334,Elvira,Septima,Elvira.Septima@yopmail.com,Elvira.Septima@gmail.com,firefighter
335,Leona,Brian,Leona.Brian@yopmail.com,Leona.Brian@gmail.com,doctor
336,Lita,Firmin,Lita.Firmin@yopmail.com,Lita.Firmin@gmail.com,worker
337,Harrietta,Si,Harrietta.Si@yopmail.com,Harrietta.Si@gmail.com,developer
338,Cristine,Ralfston,Cristine.Ralfston@yopmail.com,Cristine.Ralfston@gmail.com,worker
339,Laure,Darrell,Laure.Darrell@yopmail.com,Laure.Darrell@gmail.com,developer
340,Coral,Behre,Coral.Behre@yopmail.com,Coral.Behre@gmail.com,doctor
341,Gale,Dichy,Gale.Dichy@yopmail.com,Gale.Dichy@gmail.com,developer
342,Libbie,Bethany,Libbie.Bethany@yopmail.com,Libbie.Bethany@gmail.com,worker
343,Jordan,Gabrielli,Jordan.Gabrielli@yopmail.com,Jordan.Gabrielli@gmail.com,developer
344,Felice,Breed,Felice.Breed@yopmail.com,Felice.Breed@gmail.com,police officer
345,Fernande,Bertold,Fernande.Bertold@yopmail.com,Fernande.Bertold@gmail.com,doctor
346,Joleen,Smitt,Joleen.Smitt@yopmail.com,Joleen.Smitt@gmail.com,firefighter
347,Cathie,Chaing,Cathie.Chaing@yopmail.com,Cathie.Chaing@gmail.com,worker
348,Kerrin,Telfer,Kerrin.Telfer@yopmail.com,Kerrin.Telfer@gmail.com,developer
349,Henriette,Byrne,Henriette.Byrne@yopmail.com,Henriette.Byrne@gmail.com,firefighter
350,Millie,Buffum,Millie.Buffum@yopmail.com,Millie.Buffum@gmail.com,police officer
351,Phedra,Eugenia,Phedra.Eugenia@yopmail.com,Phedra.Eugenia@gmail.com,firefighter
352,Marita,Telfer,Marita.Telfer@yopmail.com,Marita.Telfer@gmail.com,police officer
353,Maridel,Wu,Maridel.Wu@yopmail.com,Maridel.Wu@gmail.com,developer
354,Alameda,Orelee,Alameda.Orelee@yopmail.com,Alameda.Orelee@gmail.com,firefighter
355,Shaine,Dannye,Shaine.Dannye@yopmail.com,Shaine.Dannye@gmail.com,doctor
356,Ronna,Anestassia,Ronna.Anestassia@yopmail.com,Ronna.Anestassia@gmail.com,developer
357,Cassandra,Fancie,Cassandra.Fancie@yopmail.com,Cassandra.Fancie@gmail.com,police officer
358,Aaren,Franza,Aaren.Franza@yopmail.com,Aaren.Franza@gmail.com,developer
359,Tamqrah,Elisha,Tamqrah.Elisha@yopmail.com,Tamqrah.Elisha@gmail.com,developer
360,Lelah,Madox,Lelah.Madox@yopmail.com,Lelah.Madox@gmail.com,police officer
361,Nonnah,Ummersen,Nonnah.Ummersen@yopmail.com,Nonnah.Ummersen@gmail.com,worker
362,Nannie,Malina,Nannie.Malina@yopmail.com,Nannie.Malina@gmail.com,police officer
363,Frank,Edee,Frank.Edee@yopmail.com,Frank.Edee@gmail.com,doctor
364,Harrietta,Philipp,Harrietta.Philipp@yopmail.com,Harrietta.Philipp@gmail.com,doctor
365,Elena,Lymann,Elena.Lymann@yopmail.com,Elena.Lymann@gmail.com,firefighter
366,Deirdre,Baptlsta,Deirdre.Baptlsta@yopmail.com,Deirdre.Baptlsta@gmail.com,developer
367,Shel,Plato,Shel.Plato@yopmail.com,Shel.Plato@gmail.com,police officer
368,Angelique,Laverne,Angelique.Laverne@yopmail.com,Angelique.Laverne@gmail.com,police officer
369,Tabbatha,Jacobah,Tabbatha.Jacobah@yopmail.com,Tabbatha.Jacobah@gmail.com,developer
370,Minda,McClimans,Minda.McClimans@yopmail.com,Minda.McClimans@gmail.com,doctor
371,Cam,Ahab,Cam.Ahab@yopmail.com,Cam.Ahab@gmail.com,firefighter
372,Grier,Oscar,Grier.Oscar@yopmail.com,Grier.Oscar@gmail.com,firefighter
373,Marsiella,Silvan,Marsiella.Silvan@yopmail.com,Marsiella.Silvan@gmail.com,doctor
374,Gertrud,Gemini,Gertrud.Gemini@yopmail.com,Gertrud.Gemini@gmail.com,police officer
375,Louella,Roscoe,Louella.Roscoe@yopmail.com,Louella.Roscoe@gmail.com,worker
376,Nollie,Saint,Nollie.Saint@yopmail.com,Nollie.Saint@gmail.com,police officer
377,Anallese,Kalinda,Anallese.Kalinda@yopmail.com,Anallese.Kalinda@gmail.com,police officer
378,Helsa,Wu,Helsa.Wu@yopmail.com,Helsa.Wu@gmail.com,firefighter
379,Rori,Lail,Rori.Lail@yopmail.com,Rori.Lail@gmail.com,worker
380,Jany,Ariella,Jany.Ariella@yopmail.com,Jany.Ariella@gmail.com,developer
381,Riannon,Ricki,Riannon.Ricki@yopmail.com,Riannon.Ricki@gmail.com,worker
382,Melina,Swanhildas,Melina.Swanhildas@yopmail.com,Melina.Swanhildas@gmail.com,doctor
383,Hannis,Morrill,Hannis.Morrill@yopmail.com,Hannis.Morrill@gmail.com,police officer
384,Ingrid,Nahum,Ingrid.Nahum@yopmail.com,Ingrid.Nahum@gmail.com,worker
385,Mady,Sinegold,Mady.Sinegold@yopmail.com,Mady.Sinegold@gmail.com,doctor
386,Hermione,Baptlsta,Hermione.Baptlsta@yopmail.com,Hermione.Baptlsta@gmail.com,developer
387,Melodie,Azeria,Melodie.Azeria@yopmail.com,Melodie.Azeria@gmail.com,police officer
388,Randa,Carvey,Randa.Carvey@yopmail.com,Randa.Carvey@gmail.com,developer
389,Ardys,Peonir,Ardys.Peonir@yopmail.com,Ardys.Peonir@gmail.com,developer
390,Wanda,Romelda,Wanda.Romelda@yopmail.com,Wanda.Romelda@gmail.com,firefighter
391,Christian,Friede,Christian.Friede@yopmail.com,Christian.Friede@gmail.com,worker
392,Gilligan,Izaak,Gilligan.Izaak@yopmail.com,Gilligan.Izaak@gmail.com,developer
393,Lulita,Lory,Lulita.Lory@yopmail.com,Lulita.Lory@gmail.com,police officer
394,Merle,Whiffen,Merle.Whiffen@yopmail.com,Merle.Whiffen@gmail.com,firefighter
395,Mariele,Kimmie,Mariele.Kimmie@yopmail.com,Mariele.Kimmie@gmail.com,doctor
396,Marinna,Vorster,Marinna.Vorster@yopmail.com,Marinna.Vorster@gmail.com,doctor
397,Jerry,Seligman,Jerry.Seligman@yopmail.com,Jerry.Seligman@gmail.com,firefighter
398,Flo,Juan,Flo.Juan@yopmail.com,Flo.Juan@gmail.com,firefighter
399,Bobinette,Berne,Bobinette.Berne@yopmail.com,Bobinette.Berne@gmail.com,developer
400,Kylynn,Goddard,Kylynn.Goddard@yopmail.com,Kylynn.Goddard@gmail.com,doctor
401,Genevra,Donoghue,Genevra.Donoghue@yopmail.com,Genevra.Donoghue@gmail.com,developer
402,Donetta,Lory,Donetta.Lory@yopmail.com,Donetta.Lory@gmail.com,worker
403,Doralynne,Ivens,Doralynne.Ivens@yopmail.com,Doralynne.Ivens@gmail.com,firefighter
404,Gerianna,Tillford,Gerianna.Tillford@yopmail.com,Gerianna.Tillford@gmail.com,worker
405,Nonnah,Mitzi,Nonnah.Mitzi@yopmail.com,Nonnah.Mitzi@gmail.com,doctor
406,Lauryn,McLaughlin,Lauryn.McLaughlin@yopmail.com,Lauryn.McLaughlin@gmail.com,police officer
407,Olivette,Lemuela,Olivette.Lemuela@yopmail.com,Olivette.Lemuela@gmail.com,worker
408,Arlina,Timon,Arlina.Timon@yopmail.com,Arlina.Timon@gmail.com,worker
409,Alyda,Loring,Alyda.Loring@yopmail.com,Alyda.Loring@gmail.com,worker
410,Emma,Wadell,Emma.Wadell@yopmail.com,Emma.Wadell@gmail.com,firefighter
411,Annora,Rurik,Annora.Rurik@yopmail.com,Annora.Rurik@gmail.com,police officer
412,Lila,Dermott,Lila.Dermott@yopmail.com,Lila.Dermott@gmail.com,worker
413,Ayn,Rona,Ayn.Rona@yopmail.com,Ayn.Rona@gmail.com,worker
414,Clary,Granoff,Clary.Granoff@yopmail.com,Clary.Granoff@gmail.com,worker
415,Corene,Campball,Corene.Campball@yopmail.com,Corene.Campball@gmail.com,firefighter
416,Annora,Aprile,Annora.Aprile@yopmail.com,Annora.Aprile@gmail.com,doctor
417,Queenie,Kellby,Queenie.Kellby@yopmail.com,Queenie.Kellby@gmail.com,developer
418,Kate,Ovid,Kate.Ovid@yopmail.com,Kate.Ovid@gmail.com,police officer
419,Rayna,Damarra,Rayna.Damarra@yopmail.com,Rayna.Damarra@gmail.com,firefighter
420,Ira,Edison,Ira.Edison@yopmail.com,Ira.Edison@gmail.com,police officer
421,Belva,Maroney,Belva.Maroney@yopmail.com,Belva.Maroney@gmail.com,firefighter
422,Millie,Henebry,Millie.Henebry@yopmail.com,Millie.Henebry@gmail.com,doctor
423,Laure,Woodberry,Laure.Woodberry@yopmail.com,Laure.Woodberry@gmail.com,doctor
424,Andeee,Masao,Andeee.Masao@yopmail.com,Andeee.Masao@gmail.com,doctor
425,Selma,Schalles,Selma.Schalles@yopmail.com,Selma.Schalles@gmail.com,firefighter
426,Mara,Alice,Mara.Alice@yopmail.com,Mara.Alice@gmail.com,police officer
427,Lolita,Bates,Lolita.Bates@yopmail.com,Lolita.Bates@gmail.com,developer
428,Alex,Izaak,Alex.Izaak@yopmail.com,Alex.Izaak@gmail.com,firefighter
429,Wileen,Drus,Wileen.Drus@yopmail.com,Wileen.Drus@gmail.com,police officer
430,Trudie,Norvol,Trudie.Norvol@yopmail.com,Trudie.Norvol@gmail.com,developer
431,Chloris,Brotherson,Chloris.Brotherson@yopmail.com,Chloris.Brotherson@gmail.com,firefighter
432,Gabriellia,Schroth,Gabriellia.Schroth@yopmail.com,Gabriellia.Schroth@gmail.com,firefighter
433,Hallie,Stevy,Hallie.Stevy@yopmail.com,Hallie.Stevy@gmail.com,worker
434,Elsie,Christal,Elsie.Christal@yopmail.com,Elsie.Christal@gmail.com,police officer
435,Henriette,Rolf,Henriette.Rolf@yopmail.com,Henriette.Rolf@gmail.com,firefighter
436,Yolane,Vorster,Yolane.Vorster@yopmail.com,Yolane.Vorster@gmail.com,firefighter
437,Marnia,Constancy,Marnia.Constancy@yopmail.com,Marnia.Constancy@gmail.com,doctor
438,Deloria,Pauly,Deloria.Pauly@yopmail.com,Deloria.Pauly@gmail.com,worker
439,Teriann,MacIntosh,Teriann.MacIntosh@yopmail.com,Teriann.MacIntosh@gmail.com,police officer
440,Ayn,Zaslow,Ayn.Zaslow@yopmail.com,Ayn.Zaslow@gmail.com,doctor
441,Wilma,Moseley,Wilma.Moseley@yopmail.com,Wilma.Moseley@gmail.com,developer
442,Sallie,Doig,Sallie.Doig@yopmail.com,Sallie.Doig@gmail.com,firefighter
443,Siana,Boycey,Siana.Boycey@yopmail.com,Siana.Boycey@gmail.com,doctor
444,Ira,Colp,Ira.Colp@yopmail.com,Ira.Colp@gmail.com,worker
445,Belinda,Raffo,Belinda.Raffo@yopmail.com,Belinda.Raffo@gmail.com,worker
446,Fidelia,Atonsah,Fidelia.Atonsah@yopmail.com,Fidelia.Atonsah@gmail.com,doctor
447,Ruthe,Brady,Ruthe.Brady@yopmail.com,Ruthe.Brady@gmail.com,developer
448,Tamqrah,Teddman,Tamqrah.Teddman@yopmail.com,Tamqrah.Teddman@gmail.com,doctor
449,Farrah,Yoko,Farrah.Yoko@yopmail.com,Farrah.Yoko@gmail.com,firefighter
450,Ofilia,Pacorro,Ofilia.Pacorro@yopmail.com,Ofilia.Pacorro@gmail.com,doctor
451,Clarice,Truc,Clarice.Truc@yopmail.com,Clarice.Truc@gmail.com,police officer
452,Kaja,Hanshaw,Kaja.Hanshaw@yopmail.com,Kaja.Hanshaw@gmail.com,developer
453,Amii,Toor,Amii.Toor@yopmail.com,Amii.Toor@gmail.com,worker
454,Kate,Moina,Kate.Moina@yopmail.com,Kate.Moina@gmail.com,developer
455,Gisela,Armanda,Gisela.Armanda@yopmail.com,Gisela.Armanda@gmail.com,developer
456,Alia,Dimitris,Alia.Dimitris@yopmail.com,Alia.Dimitris@gmail.com,developer
457,Carmela,Alabaster,Carmela.Alabaster@yopmail.com,Carmela.Alabaster@gmail.com,worker
458,Leanna,Linehan,Leanna.Linehan@yopmail.com,Leanna.Linehan@gmail.com,doctor
459,Gretal,Lail,Gretal.Lail@yopmail.com,Gretal.Lail@gmail.com,police officer
460,Britni,Seligman,Britni.Seligman@yopmail.com,Britni.Seligman@gmail.com,developer
461,Jacquetta,Dom,Jacquetta.Dom@yopmail.com,Jacquetta.Dom@gmail.com,worker
462,Joeann,Leler,Joeann.Leler@yopmail.com,Joeann.Leler@gmail.com,doctor
463,Valli,Stacy,Valli.Stacy@yopmail.com,Valli.Stacy@gmail.com,firefighter
464,Edyth,Korey,Edyth.Korey@yopmail.com,Edyth.Korey@gmail.com,firefighter
465,Kayla,Colbert,Kayla.Colbert@yopmail.com,Kayla.Colbert@gmail.com,firefighter
466,Jan,Allina,Jan.Allina@yopmail.com,Jan.Allina@gmail.com,police officer
467,Elsie,Deny,Elsie.Deny@yopmail.com,Elsie.Deny@gmail.com,worker
468,Melisent,Robertson,Melisent.Robertson@yopmail.com,Melisent.Robertson@gmail.com,worker
469,Pamella,Goddard,Pamella.Goddard@yopmail.com,Pamella.Goddard@gmail.com,doctor
470,Nanete,Colp,Nanete.Colp@yopmail.com,Nanete.Colp@gmail.com,firefighter
471,Antonietta,Rozanna,Antonietta.Rozanna@yopmail.com,Antonietta.Rozanna@gmail.com,firefighter
472,Sashenka,Peonir,Sashenka.Peonir@yopmail.com,Sashenka.Peonir@gmail.com,developer
473,Lolita,Keelia,Lolita.Keelia@yopmail.com,Lolita.Keelia@gmail.com,police officer
474,Ernesta,Faust,Ernesta.Faust@yopmail.com,Ernesta.Faust@gmail.com,developer
475,Stevana,Glovsky,Stevana.Glovsky@yopmail.com,Stevana.Glovsky@gmail.com,firefighter
476,Livvyy,Weide,Livvyy.Weide@yopmail.com,Livvyy.Weide@gmail.com,developer
477,Louella,Pettiford,Louella.Pettiford@yopmail.com,Louella.Pettiford@gmail.com,doctor
478,Glenda,Selway,Glenda.Selway@yopmail.com,Glenda.Selway@gmail.com,worker
479,Halette,Quent,Halette.Quent@yopmail.com,Halette.Quent@gmail.com,police officer
480,Katharina,Secrest,Katharina.Secrest@yopmail.com,Katharina.Secrest@gmail.com,developer
481,Edith,Gibbeon,Edith.Gibbeon@yopmail.com,Edith.Gibbeon@gmail.com,developer
482,Kittie,Cosenza,Kittie.Cosenza@yopmail.com,Kittie.Cosenza@gmail.com,firefighter
483,Shirlee,Halla,Shirlee.Halla@yopmail.com,Shirlee.Halla@gmail.com,doctor
484,Allyce,Sacken,Allyce.Sacken@yopmail.com,Allyce.Sacken@gmail.com,police officer
485,Alameda,Seligman,Alameda.Seligman@yopmail.com,Alameda.Seligman@gmail.com,worker
486,Leeanne,Payson,Leeanne.Payson@yopmail.com,Leeanne.Payson@gmail.com,police officer
487,Janis,Dermott,Janis.Dermott@yopmail.com,Janis.Dermott@gmail.com,worker
488,Aimil,Callista,Aimil.Callista@yopmail.com,Aimil.Callista@gmail.com,worker
489,Karly,Richers,Karly.Richers@yopmail.com,Karly.Richers@gmail.com,doctor
490,Neila,Denis,Neila.Denis@yopmail.com,Neila.Denis@gmail.com,police officer
491,Fawne,Chabot,Fawne.Chabot@yopmail.com,Fawne.Chabot@gmail.com,doctor
492,Cordi,Strephon,Cordi.Strephon@yopmail.com,Cordi.Strephon@gmail.com,police officer
493,Carmela,Klotz,Carmela.Klotz@yopmail.com,Carmela.Klotz@gmail.com,doctor
494,Clary,Kendrick,Clary.Kendrick@yopmail.com,Clary.Kendrick@gmail.com,developer
495,Renie,Colp,Renie.Colp@yopmail.com,Renie.Colp@gmail.com,worker
496,Luci,Ranjiv,Luci.Ranjiv@yopmail.com,Luci.Ranjiv@gmail.com,police officer
497,Carlie,Love,Carlie.Love@yopmail.com,Carlie.Love@gmail.com,police officer
498,Xylina,Noelyn,Xylina.Noelyn@yopmail.com,Xylina.Noelyn@gmail.com,worker
499,Ronna,Jaylene,Ronna.Jaylene@yopmail.com,Ronna.Jaylene@gmail.com,police officer
500,Renie,Longfellow,Renie.Longfellow@yopmail.com,Renie.Longfellow@gmail.com,developer
501,Atlanta,Fink,Atlanta.Fink@yopmail.com,Atlanta.Fink@gmail.com,police officer
502,Clarice,Bonucci,Clarice.Bonucci@yopmail.com,Clarice.Bonucci@gmail.com,police officer
503,Pierette,Bury,Pierette.Bury@yopmail.com,Pierette.Bury@gmail.com,developer
504,Cristabel,Ivens,Cristabel.Ivens@yopmail.com,Cristabel.Ivens@gmail.com,firefighter
505,Carolina,Lamoree,Carolina.Lamoree@yopmail.com,Carolina.Lamoree@gmail.com,developer
506,Kerrin,Goerke,Kerrin.Goerke@yopmail.com,Kerrin.Goerke@gmail.com,worker
507,Verla,Kolnick,Verla.Kolnick@yopmail.com,Verla.Kolnick@gmail.com,firefighter
508,Dione,Delp,Dione.Delp@yopmail.com,Dione.Delp@gmail.com,firefighter
509,Suzette,Waite,Suzette.Waite@yopmail.com,Suzette.Waite@gmail.com,police officer
510,Lorne,Norrie,Lorne.Norrie@yopmail.com,Lorne.Norrie@gmail.com,worker
511,Theodora,Cristi,Theodora.Cristi@yopmail.com,Theodora.Cristi@gmail.com,worker
512,Dode,Eckblad,Dode.Eckblad@yopmail.com,Dode.Eckblad@gmail.com,police officer
513,Cherrita,Allys,Cherrita.Allys@yopmail.com,Cherrita.Allys@gmail.com,doctor
514,Lusa,Florina,Lusa.Florina@yopmail.com,Lusa.Florina@gmail.com,police officer
515,Paulita,Pauly,Paulita.Pauly@yopmail.com,Paulita.Pauly@gmail.com,doctor
516,Esmeralda,Colbert,Esmeralda.Colbert@yopmail.com,Esmeralda.Colbert@gmail.com,worker
517,Chloris,Middleton,Chloris.Middleton@yopmail.com,Chloris.Middleton@gmail.com,doctor
518,Candi,Eugenia,Candi.Eugenia@yopmail.com,Candi.Eugenia@gmail.com,firefighter
519,Rubie,Gamaliel,Rubie.Gamaliel@yopmail.com,Rubie.Gamaliel@gmail.com,doctor
520,Merci,Loeb,Merci.Loeb@yopmail.com,Merci.Loeb@gmail.com,firefighter
521,Myriam,Wandie,Myriam.Wandie@yopmail.com,Myriam.Wandie@gmail.com,worker
522,Cindelyn,Remmer,Cindelyn.Remmer@yopmail.com,Cindelyn.Remmer@gmail.com,police officer
523,Mamie,Dreda,Mamie.Dreda@yopmail.com,Mamie.Dreda@gmail.com,developer
524,Benita,Tjon,Benita.Tjon@yopmail.com,Benita.Tjon@gmail.com,developer
525,Fanny,Carmena,Fanny.Carmena@yopmail.com,Fanny.Carmena@gmail.com,doctor
526,Benita,Zamora,Benita.Zamora@yopmail.com,Benita.Zamora@gmail.com,doctor
527,Aigneis,Jorgan,Aigneis.Jorgan@yopmail.com,Aigneis.Jorgan@gmail.com,developer
528,Cyndie,Hepsibah,Cyndie.Hepsibah@yopmail.com,Cyndie.Hepsibah@gmail.com,doctor
529,Jessamyn,Hazlett,Jessamyn.Hazlett@yopmail.com,Jessamyn.Hazlett@gmail.com,police officer
530,Kara-Lynn,Karylin,Kara-Lynn.Karylin@yopmail.com,Kara-Lynn.Karylin@gmail.com,police officer
531,Randa,Dichy,Randa.Dichy@yopmail.com,Randa.Dichy@gmail.com,police officer
532,Lorne,Wildermuth,Lorne.Wildermuth@yopmail.com,Lorne.Wildermuth@gmail.com,firefighter
533,Etta,Ferrell,Etta.Ferrell@yopmail.com,Etta.Ferrell@gmail.com,worker
534,Jemie,Virgin,Jemie.Virgin@yopmail.com,Jemie.Virgin@gmail.com,doctor
535,Cindelyn,Jenness,Cindelyn.Jenness@yopmail.com,Cindelyn.Jenness@gmail.com,police officer
536,Maridel,Hortensia,Maridel.Hortensia@yopmail.com,Maridel.Hortensia@gmail.com,worker
537,Gabi,Wallis,Gabi.Wallis@yopmail.com,Gabi.Wallis@gmail.com,firefighter
538,Joy,Schonfeld,Joy.Schonfeld@yopmail.com,Joy.Schonfeld@gmail.com,worker
539,Eugine,Rocray,Eugine.Rocray@yopmail.com,Eugine.Rocray@gmail.com,worker
540,Netty,Johnsson,Netty.Johnsson@yopmail.com,Netty.Johnsson@gmail.com,developer
541,Ellette,Vernier,Ellette.Vernier@yopmail.com,Ellette.Vernier@gmail.com,firefighter
542,Marjie,Clara,Marjie.Clara@yopmail.com,Marjie.Clara@gmail.com,police officer
543,Carmencita,Daegal,Carmencita.Daegal@yopmail.com,Carmencita.Daegal@gmail.com,police officer
544,Celene,Elo,Celene.Elo@yopmail.com,Celene.Elo@gmail.com,worker
545,Lizzie,Ulphia,Lizzie.Ulphia@yopmail.com,Lizzie.Ulphia@gmail.com,firefighter
546,Mara,Ambrosia,Mara.Ambrosia@yopmail.com,Mara.Ambrosia@gmail.com,doctor
547,Melina,Erich,Melina.Erich@yopmail.com,Melina.Erich@gmail.com,doctor
548,Sophia,Percy,Sophia.Percy@yopmail.com,Sophia.Percy@gmail.com,police officer
549,Daphne,Zachary,Daphne.Zachary@yopmail.com,Daphne.Zachary@gmail.com,firefighter
550,Danika,Dahlia,Danika.Dahlia@yopmail.com,Danika.Dahlia@gmail.com,worker
551,Sara-Ann,Ietta,Sara-Ann.Ietta@yopmail.com,Sara-Ann.Ietta@gmail.com,firefighter
552,Felice,Egbert,Felice.Egbert@yopmail.com,Felice.Egbert@gmail.com,police officer
553,Marika,Corilla,Marika.Corilla@yopmail.com,Marika.Corilla@gmail.com,firefighter
554,Orelia,Constancy,Orelia.Constancy@yopmail.com,Orelia.Constancy@gmail.com,doctor
555,Lenna,Ajay,Lenna.Ajay@yopmail.com,Lenna.Ajay@gmail.com,doctor
556,Dolli,Felecia,Dolli.Felecia@yopmail.com,Dolli.Felecia@gmail.com,firefighter
557,Deirdre,Kendrick,Deirdre.Kendrick@yopmail.com,Deirdre.Kendrick@gmail.com,doctor
558,Janeczka,Wooster,Janeczka.Wooster@yopmail.com,Janeczka.Wooster@gmail.com,worker
559,Nerta,Raseda,Nerta.Raseda@yopmail.com,Nerta.Raseda@gmail.com,developer
560,Barbi,Clarissa,Barbi.Clarissa@yopmail.com,Barbi.Clarissa@gmail.com,doctor
561,Sybille,Richers,Sybille.Richers@yopmail.com,Sybille.Richers@gmail.com,developer
562,Shaylyn,Gwenore,Shaylyn.Gwenore@yopmail.com,Shaylyn.Gwenore@gmail.com,doctor
563,Fidelia,Ovid,Fidelia.Ovid@yopmail.com,Fidelia.Ovid@gmail.com,firefighter
564,Chandra,Suanne,Chandra.Suanne@yopmail.com,Chandra.Suanne@gmail.com,worker
565,Dari,Selway,Dari.Selway@yopmail.com,Dari.Selway@gmail.com,doctor
566,Elie,Gillan,Elie.Gillan@yopmail.com,Elie.Gillan@gmail.com,firefighter
567,Caressa,Simmonds,Caressa.Simmonds@yopmail.com,Caressa.Simmonds@gmail.com,doctor
568,Jasmina,Verger,Jasmina.Verger@yopmail.com,Jasmina.Verger@gmail.com,developer
569,Viki,Kaete,Viki.Kaete@yopmail.com,Viki.Kaete@gmail.com,worker
570,Mildrid,Abbot,Mildrid.Abbot@yopmail.com,Mildrid.Abbot@gmail.com,worker
571,Kathi,Kimmie,Kathi.Kimmie@yopmail.com,Kathi.Kimmie@gmail.com,worker
572,Queenie,Poppy,Queenie.Poppy@yopmail.com,Queenie.Poppy@gmail.com,worker
573,Daphne,Ambrosia,Daphne.Ambrosia@yopmail.com,Daphne.Ambrosia@gmail.com,firefighter
574,Petronia,Chesna,Petronia.Chesna@yopmail.com,Petronia.Chesna@gmail.com,firefighter
575,Catrina,Silvan,Catrina.Silvan@yopmail.com,Catrina.Silvan@gmail.com,developer
576,Georgetta,Luhe,Georgetta.Luhe@yopmail.com,Georgetta.Luhe@gmail.com,developer
577,Tersina,Orelee,Tersina.Orelee@yopmail.com,Tersina.Orelee@gmail.com,developer
578,Verla,Koziara,Verla.Koziara@yopmail.com,Verla.Koziara@gmail.com,developer
579,Dianemarie,Federica,Dianemarie.Federica@yopmail.com,Dianemarie.Federica@gmail.com,firefighter
580,Mellicent,Darbie,Mellicent.Darbie@yopmail.com,Mellicent.Darbie@gmail.com,police officer
581,Calla,Zola,Calla.Zola@yopmail.com,Calla.Zola@gmail.com,doctor
582,Morganica,Lilybelle,Morganica.Lilybelle@yopmail.com,Morganica.Lilybelle@gmail.com,firefighter
583,Laurene,Creamer,Laurene.Creamer@yopmail.com,Laurene.Creamer@gmail.com,developer
584,Carol-Jean,Izaak,Carol-Jean.Izaak@yopmail.com,Carol-Jean.Izaak@gmail.com,doctor
585,Stephanie,Dearborn,Stephanie.Dearborn@yopmail.com,Stephanie.Dearborn@gmail.com,doctor
586,Cecile,Edee,Cecile.Edee@yopmail.com,Cecile.Edee@gmail.com,firefighter
587,Janis,Pond,Janis.Pond@yopmail.com,Janis.Pond@gmail.com,developer
588,Letizia,Kronfeld,Letizia.Kronfeld@yopmail.com,Letizia.Kronfeld@gmail.com,doctor
589,Felice,Jobi,Felice.Jobi@yopmail.com,Felice.Jobi@gmail.com,police officer
590,Ginnie,Persse,Ginnie.Persse@yopmail.com,Ginnie.Persse@gmail.com,police officer
591,Tybie,Noelyn,Tybie.Noelyn@yopmail.com,Tybie.Noelyn@gmail.com,developer
592,Amii,Joachim,Amii.Joachim@yopmail.com,Amii.Joachim@gmail.com,firefighter
593,Christian,Ludewig,Christian.Ludewig@yopmail.com,Christian.Ludewig@gmail.com,worker
594,Sophia,Ovid,Sophia.Ovid@yopmail.com,Sophia.Ovid@gmail.com,developer
595,Gwenneth,Robertson,Gwenneth.Robertson@yopmail.com,Gwenneth.Robertson@gmail.com,worker
596,Kylynn,Odysseus,Kylynn.Odysseus@yopmail.com,Kylynn.Odysseus@gmail.com,worker
597,Lynde,Merell,Lynde.Merell@yopmail.com,Lynde.Merell@gmail.com,worker
598,Sadie,Thunell,Sadie.Thunell@yopmail.com,Sadie.Thunell@gmail.com,police officer
599,Alyssa,Demitria,Alyssa.Demitria@yopmail.com,Alyssa.Demitria@gmail.com,doctor
600,Marline,Turne,Marline.Turne@yopmail.com,Marline.Turne@gmail.com,firefighter
601,Cathyleen,Roche,Cathyleen.Roche@yopmail.com,Cathyleen.Roche@gmail.com,developer
602,Malina,Erskine,Malina.Erskine@yopmail.com,Malina.Erskine@gmail.com,firefighter
603,Jennica,Berne,Jennica.Berne@yopmail.com,Jennica.Berne@gmail.com,firefighter
604,Elise,Tiffa,Elise.Tiffa@yopmail.com,Elise.Tiffa@gmail.com,worker
605,Sybille,Morehouse,Sybille.Morehouse@yopmail.com,Sybille.Morehouse@gmail.com,firefighter
606,Yolane,Podvin,Yolane.Podvin@yopmail.com,Yolane.Podvin@gmail.com,police officer
607,Goldie,Chapland,Goldie.Chapland@yopmail.com,Goldie.Chapland@gmail.com,developer
608,Nerta,Barrus,Nerta.Barrus@yopmail.com,Nerta.Barrus@gmail.com,police officer
609,Teriann,Melan,Teriann.Melan@yopmail.com,Teriann.Melan@gmail.com,doctor
610,Verla,Merell,Verla.Merell@yopmail.com,Verla.Merell@gmail.com,firefighter
611,Arabel,Mandler,Arabel.Mandler@yopmail.com,Arabel.Mandler@gmail.com,developer
612,Roz,Codding,Roz.Codding@yopmail.com,Roz.Codding@gmail.com,developer
613,Rori,Noman,Rori.Noman@yopmail.com,Rori.Noman@gmail.com,firefighter
614,Barbara,Rheingold,Barbara.Rheingold@yopmail.com,Barbara.Rheingold@gmail.com,doctor
615,Lulita,Cottle,Lulita.Cottle@yopmail.com,Lulita.Cottle@gmail.com,doctor
616,Doro,Anderea,Doro.Anderea@yopmail.com,Doro.Anderea@gmail.com,police officer
617,Aurelie,Shuler,Aurelie.Shuler@yopmail.com,Aurelie.Shuler@gmail.com,doctor
618,Andeee,Darian,Andeee.Darian@yopmail.com,Andeee.Darian@gmail.com,police officer
619,Vivia,Screens,Vivia.Screens@yopmail.com,Vivia.Screens@gmail.com,doctor
620,Paola,Aida,Paola.Aida@yopmail.com,Paola.Aida@gmail.com,worker
621,Starla,Campball,Starla.Campball@yopmail.com,Starla.Campball@gmail.com,doctor
622,Lynea,Tjon,Lynea.Tjon@yopmail.com,Lynea.Tjon@gmail.com,police officer
623,Maisey,Abbot,Maisey.Abbot@yopmail.com,Maisey.Abbot@gmail.com,firefighter
624,Amii,Olympium,Amii.Olympium@yopmail.com,Amii.Olympium@gmail.com,doctor
625,Rosene,Lattie,Rosene.Lattie@yopmail.com,Rosene.Lattie@gmail.com,firefighter
626,Lucille,Vernier,Lucille.Vernier@yopmail.com,Lucille.Vernier@gmail.com,developer
627,Joleen,Gilmour,Joleen.Gilmour@yopmail.com,Joleen.Gilmour@gmail.com,police officer
628,Ronna,Eachern,Ronna.Eachern@yopmail.com,Ronna.Eachern@gmail.com,police officer
629,Tersina,Rillings,Tersina.Rillings@yopmail.com,Tersina.Rillings@gmail.com,worker
630,Betta,Jess,Betta.Jess@yopmail.com,Betta.Jess@gmail.com,worker
631,Frieda,Grobe,Frieda.Grobe@yopmail.com,Frieda.Grobe@gmail.com,police officer
632,Valera,Melan,Valera.Melan@yopmail.com,Valera.Melan@gmail.com,police officer
633,Aili,Raul,Aili.Raul@yopmail.com,Aili.Raul@gmail.com,developer
634,Halette,Ambrosia,Halette.Ambrosia@yopmail.com,Halette.Ambrosia@gmail.com,firefighter
635,Yetty,Goerke,Yetty.Goerke@yopmail.com,Yetty.Goerke@gmail.com,worker
636,Caressa,Evangelia,Caressa.Evangelia@yopmail.com,Caressa.Evangelia@gmail.com,worker
637,Elbertina,Millda,Elbertina.Millda@yopmail.com,Elbertina.Millda@gmail.com,police officer
638,Sharlene,Bohlin,Sharlene.Bohlin@yopmail.com,Sharlene.Bohlin@gmail.com,developer
639,Fredericka,Gaspard,Fredericka.Gaspard@yopmail.com,Fredericka.Gaspard@gmail.com,firefighter
640,Merrie,Lumbard,Merrie.Lumbard@yopmail.com,Merrie.Lumbard@gmail.com,doctor
641,Aimil,Emanuel,Aimil.Emanuel@yopmail.com,Aimil.Emanuel@gmail.com,developer
642,Gusella,Riva,Gusella.Riva@yopmail.com,Gusella.Riva@gmail.com,developer
643,Abbie,Ferrell,Abbie.Ferrell@yopmail.com,Abbie.Ferrell@gmail.com,developer
644,Lorne,Gaynor,Lorne.Gaynor@yopmail.com,Lorne.Gaynor@gmail.com,firefighter
645,Lizzie,Mullane,Lizzie.Mullane@yopmail.com,Lizzie.Mullane@gmail.com,police officer
646,Rayna,Minetta,Rayna.Minetta@yopmail.com,Rayna.Minetta@gmail.com,doctor
647,Dyann,Salchunas,Dyann.Salchunas@yopmail.com,Dyann.Salchunas@gmail.com,police officer
648,Kayla,Kat,Kayla.Kat@yopmail.com,Kayla.Kat@gmail.com,doctor
649,Marcelline,Pozzy,Marcelline.Pozzy@yopmail.com,Marcelline.Pozzy@gmail.com,police officer
650,Maurene,Cressida,Maurene.Cressida@yopmail.com,Maurene.Cressida@gmail.com,worker
651,Clementine,Verger,Clementine.Verger@yopmail.com,Clementine.Verger@gmail.com,firefighter
652,Deane,Odysseus,Deane.Odysseus@yopmail.com,Deane.Odysseus@gmail.com,developer
653,Nerta,McAdams,Nerta.McAdams@yopmail.com,Nerta.McAdams@gmail.com,firefighter
654,Aurelie,Khorma,Aurelie.Khorma@yopmail.com,Aurelie.Khorma@gmail.com,worker
655,Sue,Crudden,Sue.Crudden@yopmail.com,Sue.Crudden@gmail.com,firefighter
656,Deirdre,Ader,Deirdre.Ader@yopmail.com,Deirdre.Ader@gmail.com,developer
657,Sallie,Kat,Sallie.Kat@yopmail.com,Sallie.Kat@gmail.com,police officer
658,Chickie,Sheng,Chickie.Sheng@yopmail.com,Chickie.Sheng@gmail.com,worker
659,Helena,Waite,Helena.Waite@yopmail.com,Helena.Waite@gmail.com,developer
660,Deloria,Garrison,Deloria.Garrison@yopmail.com,Deloria.Garrison@gmail.com,police officer
661,Orelia,Salvidor,Orelia.Salvidor@yopmail.com,Orelia.Salvidor@gmail.com,doctor
662,Millie,Izaak,Millie.Izaak@yopmail.com,Millie.Izaak@gmail.com,developer
663,Cathyleen,Bettine,Cathyleen.Bettine@yopmail.com,Cathyleen.Bettine@gmail.com,developer
664,Tabbatha,Sparhawk,Tabbatha.Sparhawk@yopmail.com,Tabbatha.Sparhawk@gmail.com,developer
665,Elfreda,Sharl,Elfreda.Sharl@yopmail.com,Elfreda.Sharl@gmail.com,police officer
666,Yetty,Bonucci,Yetty.Bonucci@yopmail.com,Yetty.Bonucci@gmail.com,firefighter
667,Konstance,Abbot,Konstance.Abbot@yopmail.com,Konstance.Abbot@gmail.com,doctor
668,Maud,Clara,Maud.Clara@yopmail.com,Maud.Clara@gmail.com,worker
669,Nita,Jethro,Nita.Jethro@yopmail.com,Nita.Jethro@gmail.com,police officer
670,Hayley,Even,Hayley.Even@yopmail.com,Hayley.Even@gmail.com,firefighter
671,Addia,Alrich,Addia.Alrich@yopmail.com,Addia.Alrich@gmail.com,developer
672,Sashenka,Dalli,Sashenka.Dalli@yopmail.com,Sashenka.Dalli@gmail.com,firefighter
673,Michaelina,Peg,Michaelina.Peg@yopmail.com,Michaelina.Peg@gmail.com,police officer
674,Annecorinne,Killigrew,Annecorinne.Killigrew@yopmail.com,Annecorinne.Killigrew@gmail.com,developer
675,Sashenka,Rurik,Sashenka.Rurik@yopmail.com,Sashenka.Rurik@gmail.com,police officer
676,Xylina,Soneson,Xylina.Soneson@yopmail.com,Xylina.Soneson@gmail.com,firefighter
677,Pearline,Corrine,Pearline.Corrine@yopmail.com,Pearline.Corrine@gmail.com,police officer
678,Allis,Avi,Allis.Avi@yopmail.com,Allis.Avi@gmail.com,firefighter
679,Cordi,Aloise,Cordi.Aloise@yopmail.com,Cordi.Aloise@gmail.com,worker
680,Ninnetta,Lubin,Ninnetta.Lubin@yopmail.com,Ninnetta.Lubin@gmail.com,developer
681,Sindee,Sherfield,Sindee.Sherfield@yopmail.com,Sindee.Sherfield@gmail.com,developer
682,Sashenka,Hourigan,Sashenka.Hourigan@yopmail.com,Sashenka.Hourigan@gmail.com,worker
683,Gavrielle,Robertson,Gavrielle.Robertson@yopmail.com,Gavrielle.Robertson@gmail.com,developer
684,Grier,Lilas,Grier.Lilas@yopmail.com,Grier.Lilas@gmail.com,worker
685,Elyssa,Morrill,Elyssa.Morrill@yopmail.com,Elyssa.Morrill@gmail.com,doctor
686,Kayla,Noman,Kayla.Noman@yopmail.com,Kayla.Noman@gmail.com,firefighter
687,Larine,Aurelio,Larine.Aurelio@yopmail.com,Larine.Aurelio@gmail.com,police officer
688,Moyna,Berriman,Moyna.Berriman@yopmail.com,Moyna.Berriman@gmail.com,firefighter
689,Sherrie,Garlinda,Sherrie.Garlinda@yopmail.com,Sherrie.Garlinda@gmail.com,police officer
690,Winifred,Connelly,Winifred.Connelly@yopmail.com,Winifred.Connelly@gmail.com,doctor
691,Candy,Claudine,Candy.Claudine@yopmail.com,Candy.Claudine@gmail.com,firefighter
692,Bernie,Odysseus,Bernie.Odysseus@yopmail.com,Bernie.Odysseus@gmail.com,developer
693,Sindee,Audly,Sindee.Audly@yopmail.com,Sindee.Audly@gmail.com,firefighter
694,Kalina,Telfer,Kalina.Telfer@yopmail.com,Kalina.Telfer@gmail.com,police officer
695,Janis,Giule,Janis.Giule@yopmail.com,Janis.Giule@gmail.com,worker
696,Clary,Isacco,Clary.Isacco@yopmail.com,Clary.Isacco@gmail.com,police officer
697,Madalyn,Bach,Madalyn.Bach@yopmail.com,Madalyn.Bach@gmail.com,firefighter
698,Chastity,Fleeta,Chastity.Fleeta@yopmail.com,Chastity.Fleeta@gmail.com,police officer
699,Oona,Faso,Oona.Faso@yopmail.com,Oona.Faso@gmail.com,worker
700,Aaren,Emanuel,Aaren.Emanuel@yopmail.com,Aaren.Emanuel@gmail.com,police officer
701,Raquela,Bryna,Raquela.Bryna@yopmail.com,Raquela.Bryna@gmail.com,firefighter
702,Emmey,Hamil,Emmey.Hamil@yopmail.com,Emmey.Hamil@gmail.com,doctor
703,Vivia,Brittani,Vivia.Brittani@yopmail.com,Vivia.Brittani@gmail.com,worker
704,Tilly,Irmine,Tilly.Irmine@yopmail.com,Tilly.Irmine@gmail.com,doctor
705,Jan,Magdalen,Jan.Magdalen@yopmail.com,Jan.Magdalen@gmail.com,police officer
706,Winifred,Eldrid,Winifred.Eldrid@yopmail.com,Winifred.Eldrid@gmail.com,worker
707,Melodie,Crudden,Melodie.Crudden@yopmail.com,Melodie.Crudden@gmail.com,doctor
708,Emylee,Odell,Emylee.Odell@yopmail.com,Emylee.Odell@gmail.com,developer
709,Joane,Kinnard,Joane.Kinnard@yopmail.com,Joane.Kinnard@gmail.com,developer
710,Gabriellia,Cimbura,Gabriellia.Cimbura@yopmail.com,Gabriellia.Cimbura@gmail.com,firefighter
711,Starla,Lia,Starla.Lia@yopmail.com,Starla.Lia@gmail.com,developer
712,Elbertina,Bollay,Elbertina.Bollay@yopmail.com,Elbertina.Bollay@gmail.com,developer
713,Jean,Ammann,Jean.Ammann@yopmail.com,Jean.Ammann@gmail.com,doctor
714,Aurelie,McNully,Aurelie.McNully@yopmail.com,Aurelie.McNully@gmail.com,police officer
715,Xylina,Pozzy,Xylina.Pozzy@yopmail.com,Xylina.Pozzy@gmail.com,police officer
716,Jeanna,Simmonds,Jeanna.Simmonds@yopmail.com,Jeanna.Simmonds@gmail.com,police officer
717,Jordan,Cottle,Jordan.Cottle@yopmail.com,Jordan.Cottle@gmail.com,developer
718,Harmonia,Amethist,Harmonia.Amethist@yopmail.com,Harmonia.Amethist@gmail.com,worker
719,Ardeen,Obed,Ardeen.Obed@yopmail.com,Ardeen.Obed@gmail.com,doctor
720,Therine,Eiser,Therine.Eiser@yopmail.com,Therine.Eiser@gmail.com,police officer
721,Olwen,Narton,Olwen.Narton@yopmail.com,Olwen.Narton@gmail.com,developer
722,Tami,Marden,Tami.Marden@yopmail.com,Tami.Marden@gmail.com,doctor
723,Nannie,Ulphia,Nannie.Ulphia@yopmail.com,Nannie.Ulphia@gmail.com,police officer
724,Aigneis,Vorster,Aigneis.Vorster@yopmail.com,Aigneis.Vorster@gmail.com,developer
725,Clary,Hull,Clary.Hull@yopmail.com,Clary.Hull@gmail.com,police officer
726,Linzy,Muriel,Linzy.Muriel@yopmail.com,Linzy.Muriel@gmail.com,worker
727,Dode,Jerold,Dode.Jerold@yopmail.com,Dode.Jerold@gmail.com,firefighter
728,Rayna,Ivens,Rayna.Ivens@yopmail.com,Rayna.Ivens@gmail.com,police officer
729,Jaclyn,Byrne,Jaclyn.Byrne@yopmail.com,Jaclyn.Byrne@gmail.com,firefighter
730,Starla,Docilla,Starla.Docilla@yopmail.com,Starla.Docilla@gmail.com,developer
731,Gertrud,Taam,Gertrud.Taam@yopmail.com,Gertrud.Taam@gmail.com,worker
732,Fred,Toor,Fred.Toor@yopmail.com,Fred.Toor@gmail.com,worker
733,Ekaterina,Suanne,Ekaterina.Suanne@yopmail.com,Ekaterina.Suanne@gmail.com,police officer
734,Mureil,Sabella,Mureil.Sabella@yopmail.com,Mureil.Sabella@gmail.com,firefighter
735,Roslyn,Graig,Roslyn.Graig@yopmail.com,Roslyn.Graig@gmail.com,developer
736,Stacey,Sharl,Stacey.Sharl@yopmail.com,Stacey.Sharl@gmail.com,firefighter
737,Christian,Naor,Christian.Naor@yopmail.com,Christian.Naor@gmail.com,firefighter
738,Renae,Raama,Renae.Raama@yopmail.com,Renae.Raama@gmail.com,developer
739,Mahalia,Kelula,Mahalia.Kelula@yopmail.com,Mahalia.Kelula@gmail.com,worker
740,Melodie,Pozzy,Melodie.Pozzy@yopmail.com,Melodie.Pozzy@gmail.com,doctor
741,Genevra,Candy,Genevra.Candy@yopmail.com,Genevra.Candy@gmail.com,worker
742,Mara,Etom,Mara.Etom@yopmail.com,Mara.Etom@gmail.com,worker
743,Lita,Marsden,Lita.Marsden@yopmail.com,Lita.Marsden@gmail.com,developer
744,Aigneis,Justinn,Aigneis.Justinn@yopmail.com,Aigneis.Justinn@gmail.com,police officer
745,Daryl,Anestassia,Daryl.Anestassia@yopmail.com,Daryl.Anestassia@gmail.com,doctor
746,Lonnie,Dermott,Lonnie.Dermott@yopmail.com,Lonnie.Dermott@gmail.com,firefighter
747,Sandie,Etom,Sandie.Etom@yopmail.com,Sandie.Etom@gmail.com,developer
748,Almeta,Hylan,Almeta.Hylan@yopmail.com,Almeta.Hylan@gmail.com,doctor
749,Kittie,Vivle,Kittie.Vivle@yopmail.com,Kittie.Vivle@gmail.com,police officer
750,Belinda,Belldas,Belinda.Belldas@yopmail.com,Belinda.Belldas@gmail.com,doctor
751,Ivett,Sandye,Ivett.Sandye@yopmail.com,Ivett.Sandye@gmail.com,firefighter
752,Gerianna,Elbertina,Gerianna.Elbertina@yopmail.com,Gerianna.Elbertina@gmail.com,developer
753,Marsiella,Stacy,Marsiella.Stacy@yopmail.com,Marsiella.Stacy@gmail.com,doctor
754,Roberta,Earlie,Roberta.Earlie@yopmail.com,Roberta.Earlie@gmail.com,worker
755,Clo,Chick,Clo.Chick@yopmail.com,Clo.Chick@gmail.com,developer
756,Alexine,Carlson,Alexine.Carlson@yopmail.com,Alexine.Carlson@gmail.com,worker
757,Dorothy,Oster,Dorothy.Oster@yopmail.com,Dorothy.Oster@gmail.com,doctor
758,Eve,Euridice,Eve.Euridice@yopmail.com,Eve.Euridice@gmail.com,doctor
759,Nannie,Phaidra,Nannie.Phaidra@yopmail.com,Nannie.Phaidra@gmail.com,doctor
760,Carmencita,Carmena,Carmencita.Carmena@yopmail.com,Carmencita.Carmena@gmail.com,firefighter
761,Bettine,Barney,Bettine.Barney@yopmail.com,Bettine.Barney@gmail.com,police officer
762,Deirdre,Alexandr,Deirdre.Alexandr@yopmail.com,Deirdre.Alexandr@gmail.com,police officer
763,Dione,Terrence,Dione.Terrence@yopmail.com,Dione.Terrence@gmail.com,worker
764,Teriann,Kevon,Teriann.Kevon@yopmail.com,Teriann.Kevon@gmail.com,developer
765,Dacia,Eugenia,Dacia.Eugenia@yopmail.com,Dacia.Eugenia@gmail.com,worker
766,Nita,Dorine,Nita.Dorine@yopmail.com,Nita.Dorine@gmail.com,worker
767,Esmeralda,Kevon,Esmeralda.Kevon@yopmail.com,Esmeralda.Kevon@gmail.com,worker
768,Jany,Noman,Jany.Noman@yopmail.com,Jany.Noman@gmail.com,police officer
769,Merrie,Lory,Merrie.Lory@yopmail.com,Merrie.Lory@gmail.com,developer
770,Oona,Borrell,Oona.Borrell@yopmail.com,Oona.Borrell@gmail.com,developer
771,Jerry,Shaddock,Jerry.Shaddock@yopmail.com,Jerry.Shaddock@gmail.com,doctor
772,Ingrid,Stelle,Ingrid.Stelle@yopmail.com,Ingrid.Stelle@gmail.com,worker
773,Shirlee,Charity,Shirlee.Charity@yopmail.com,Shirlee.Charity@gmail.com,developer
774,Vere,Arley,Vere.Arley@yopmail.com,Vere.Arley@gmail.com,firefighter
775,Cecile,Schonfeld,Cecile.Schonfeld@yopmail.com,Cecile.Schonfeld@gmail.com,worker
776,Anthia,Astra,Anthia.Astra@yopmail.com,Anthia.Astra@gmail.com,doctor
777,Barbi,Eugenia,Barbi.Eugenia@yopmail.com,Barbi.Eugenia@gmail.com,police officer
778,Joane,Woodberry,Joane.Woodberry@yopmail.com,Joane.Woodberry@gmail.com,developer
779,Siana,Wenoa,Siana.Wenoa@yopmail.com,Siana.Wenoa@gmail.com,developer
780,Kylynn,Liva,Kylynn.Liva@yopmail.com,Kylynn.Liva@gmail.com,police officer
781,Cassondra,Janith,Cassondra.Janith@yopmail.com,Cassondra.Janith@gmail.com,doctor
782,Gale,Nunci,Gale.Nunci@yopmail.com,Gale.Nunci@gmail.com,firefighter
783,Gui,Croix,Gui.Croix@yopmail.com,Gui.Croix@gmail.com,police officer
784,Elvira,Tryck,Elvira.Tryck@yopmail.com,Elvira.Tryck@gmail.com,developer
785,Audrie,Briney,Audrie.Briney@yopmail.com,Audrie.Briney@gmail.com,firefighter
786,Myrtice,Bivins,Myrtice.Bivins@yopmail.com,Myrtice.Bivins@gmail.com,doctor
787,Binny,Yorick,Binny.Yorick@yopmail.com,Binny.Yorick@gmail.com,developer
788,Delilah,Halsey,Delilah.Halsey@yopmail.com,Delilah.Halsey@gmail.com,worker
789,Iseabal,Ackerley,Iseabal.Ackerley@yopmail.com,Iseabal.Ackerley@gmail.com,doctor
790,Marline,Anastatius,Marline.Anastatius@yopmail.com,Marline.Anastatius@gmail.com,doctor
791,Berta,Sibyls,Berta.Sibyls@yopmail.com,Berta.Sibyls@gmail.com,police officer
792,Cissiee,Chem,Cissiee.Chem@yopmail.com,Cissiee.Chem@gmail.com,doctor
793,Marcy,Edvard,Marcy.Edvard@yopmail.com,Marcy.Edvard@gmail.com,police officer
794,Pierette,Abbot,Pierette.Abbot@yopmail.com,Pierette.Abbot@gmail.com,worker
795,Elka,Astra,Elka.Astra@yopmail.com,Elka.Astra@gmail.com,firefighter
796,Sarette,Hieronymus,Sarette.Hieronymus@yopmail.com,Sarette.Hieronymus@gmail.com,police officer
797,Almeta,Bohlin,Almeta.Bohlin@yopmail.com,Almeta.Bohlin@gmail.com,doctor
798,Catharine,Marijo,Catharine.Marijo@yopmail.com,Catharine.Marijo@gmail.com,police officer
799,Tarra,Salchunas,Tarra.Salchunas@yopmail.com,Tarra.Salchunas@gmail.com,doctor
800,Trudie,Sidonius,Trudie.Sidonius@yopmail.com,Trudie.Sidonius@gmail.com,developer
801,Kimmy,Delp,Kimmy.Delp@yopmail.com,Kimmy.Delp@gmail.com,developer
802,Marinna,Strephon,Marinna.Strephon@yopmail.com,Marinna.Strephon@gmail.com,firefighter
803,Yvonne,Hollingsworth,Yvonne.Hollingsworth@yopmail.com,Yvonne.Hollingsworth@gmail.com,firefighter
804,Letizia,Phi,Letizia.Phi@yopmail.com,Letizia.Phi@gmail.com,police officer
805,Tatiania,Kat,Tatiania.Kat@yopmail.com,Tatiania.Kat@gmail.com,firefighter
806,Nickie,Redmond,Nickie.Redmond@yopmail.com,Nickie.Redmond@gmail.com,developer
807,Eadie,Odysseus,Eadie.Odysseus@yopmail.com,Eadie.Odysseus@gmail.com,worker
808,Lory,Dreda,Lory.Dreda@yopmail.com,Lory.Dreda@gmail.com,firefighter
809,Elvira,Beebe,Elvira.Beebe@yopmail.com,Elvira.Beebe@gmail.com,worker
810,Vere,Levey,Vere.Levey@yopmail.com,Vere.Levey@gmail.com,worker
811,Nariko,Sandye,Nariko.Sandye@yopmail.com,Nariko.Sandye@gmail.com,firefighter
812,Coral,Daegal,Coral.Daegal@yopmail.com,Coral.Daegal@gmail.com,firefighter
813,Lila,Dom,Lila.Dom@yopmail.com,Lila.Dom@gmail.com,doctor
814,Dari,Amand,Dari.Amand@yopmail.com,Dari.Amand@gmail.com,doctor
815,Allyce,Jehu,Allyce.Jehu@yopmail.com,Allyce.Jehu@gmail.com,developer
816,Rhoda,Roche,Rhoda.Roche@yopmail.com,Rhoda.Roche@gmail.com,doctor
817,Ginnie,Horan,Ginnie.Horan@yopmail.com,Ginnie.Horan@gmail.com,developer
818,Rhoda,Love,Rhoda.Love@yopmail.com,Rhoda.Love@gmail.com,police officer
819,Queenie,Mathilde,Queenie.Mathilde@yopmail.com,Queenie.Mathilde@gmail.com,police officer
820,Shannah,Penelopa,Shannah.Penelopa@yopmail.com,Shannah.Penelopa@gmail.com,firefighter
821,Yetty,Letsou,Yetty.Letsou@yopmail.com,Yetty.Letsou@gmail.com,police officer
822,Rayna,Sparhawk,Rayna.Sparhawk@yopmail.com,Rayna.Sparhawk@gmail.com,doctor
823,Dacia,Juliet,Dacia.Juliet@yopmail.com,Dacia.Juliet@gmail.com,worker
824,Nonnah,Sacken,Nonnah.Sacken@yopmail.com,Nonnah.Sacken@gmail.com,police officer
825,Joelly,Bord,Joelly.Bord@yopmail.com,Joelly.Bord@gmail.com,worker
826,Glynnis,Yusuk,Glynnis.Yusuk@yopmail.com,Glynnis.Yusuk@gmail.com,doctor
827,Ann-Marie,Hewitt,Ann-Marie.Hewitt@yopmail.com,Ann-Marie.Hewitt@gmail.com,doctor
828,Dianemarie,Trinetta,Dianemarie.Trinetta@yopmail.com,Dianemarie.Trinetta@gmail.com,doctor
829,Mallory,Ivens,Mallory.Ivens@yopmail.com,Mallory.Ivens@gmail.com,firefighter
830,Ida,Joli,Ida.Joli@yopmail.com,Ida.Joli@gmail.com,firefighter
831,Orsola,Zenas,Orsola.Zenas@yopmail.com,Orsola.Zenas@gmail.com,police officer
832,Eolanda,Eiser,Eolanda.Eiser@yopmail.com,Eolanda.Eiser@gmail.com,police officer
833,Ronna,Lowry,Ronna.Lowry@yopmail.com,Ronna.Lowry@gmail.com,doctor
834,Marcy,Kannry,Marcy.Kannry@yopmail.com,Marcy.Kannry@gmail.com,police officer
835,Ira,Mullane,Ira.Mullane@yopmail.com,Ira.Mullane@gmail.com,doctor
836,Brana,Ophelia,Brana.Ophelia@yopmail.com,Brana.Ophelia@gmail.com,firefighter
837,Violet,Paine,Violet.Paine@yopmail.com,Violet.Paine@gmail.com,developer
838,Emilia,Briney,Emilia.Briney@yopmail.com,Emilia.Briney@gmail.com,worker
839,Maud,Sidonius,Maud.Sidonius@yopmail.com,Maud.Sidonius@gmail.com,firefighter
840,Viki,Kelula,Viki.Kelula@yopmail.com,Viki.Kelula@gmail.com,worker
841,Pierette,Alice,Pierette.Alice@yopmail.com,Pierette.Alice@gmail.com,firefighter
842,Chickie,Jarib,Chickie.Jarib@yopmail.com,Chickie.Jarib@gmail.com,firefighter
843,Jenda,Sharl,Jenda.Sharl@yopmail.com,Jenda.Sharl@gmail.com,developer
844,Tilly,Anestassia,Tilly.Anestassia@yopmail.com,Tilly.Anestassia@gmail.com,developer
845,Kalina,Kolnick,Kalina.Kolnick@yopmail.com,Kalina.Kolnick@gmail.com,doctor
846,Edee,Hessler,Edee.Hessler@yopmail.com,Edee.Hessler@gmail.com,police officer
847,Steffane,Stoller,Steffane.Stoller@yopmail.com,Steffane.Stoller@gmail.com,firefighter
848,Deirdre,Wareing,Deirdre.Wareing@yopmail.com,Deirdre.Wareing@gmail.com,doctor
849,Sheelagh,Swanhildas,Sheelagh.Swanhildas@yopmail.com,Sheelagh.Swanhildas@gmail.com,firefighter
850,Amii,Even,Amii.Even@yopmail.com,Amii.Even@gmail.com,developer
851,Leona,Fink,Leona.Fink@yopmail.com,Leona.Fink@gmail.com,doctor
852,Tracey,Ehrman,Tracey.Ehrman@yopmail.com,Tracey.Ehrman@gmail.com,doctor
853,Fredericka,Stilwell,Fredericka.Stilwell@yopmail.com,Fredericka.Stilwell@gmail.com,developer
854,Sam,Bonilla,Sam.Bonilla@yopmail.com,Sam.Bonilla@gmail.com,police officer
855,Harrietta,Gemini,Harrietta.Gemini@yopmail.com,Harrietta.Gemini@gmail.com,worker
856,Lexine,Shanley,Lexine.Shanley@yopmail.com,Lexine.Shanley@gmail.com,doctor
857,Gaylene,Saunderson,Gaylene.Saunderson@yopmail.com,Gaylene.Saunderson@gmail.com,developer
858,Gerrie,Percy,Gerrie.Percy@yopmail.com,Gerrie.Percy@gmail.com,worker
859,Tomasina,Dulciana,Tomasina.Dulciana@yopmail.com,Tomasina.Dulciana@gmail.com,worker
860,Mathilda,Ledah,Mathilda.Ledah@yopmail.com,Mathilda.Ledah@gmail.com,firefighter
861,Brana,Dulciana,Brana.Dulciana@yopmail.com,Brana.Dulciana@gmail.com,worker
862,Briney,Randene,Briney.Randene@yopmail.com,Briney.Randene@gmail.com,doctor
863,Gabi,Regan,Gabi.Regan@yopmail.com,Gabi.Regan@gmail.com,police officer
864,Melina,Jillane,Melina.Jillane@yopmail.com,Melina.Jillane@gmail.com,police officer
865,Adore,Lail,Adore.Lail@yopmail.com,Adore.Lail@gmail.com,developer
866,Lucy,Mich,Lucy.Mich@yopmail.com,Lucy.Mich@gmail.com,firefighter
867,Harrietta,Linehan,Harrietta.Linehan@yopmail.com,Harrietta.Linehan@gmail.com,worker
868,Natka,Vorster,Natka.Vorster@yopmail.com,Natka.Vorster@gmail.com,doctor
869,Chrystel,Joseph,Chrystel.Joseph@yopmail.com,Chrystel.Joseph@gmail.com,firefighter
870,Lisette,Abernon,Lisette.Abernon@yopmail.com,Lisette.Abernon@gmail.com,developer
871,Lilith,Urania,Lilith.Urania@yopmail.com,Lilith.Urania@gmail.com,worker
872,Teriann,Chapland,Teriann.Chapland@yopmail.com,Teriann.Chapland@gmail.com,police officer
873,Dolli,Lissi,Dolli.Lissi@yopmail.com,Dolli.Lissi@gmail.com,doctor
874,Eadie,Lesley,Eadie.Lesley@yopmail.com,Eadie.Lesley@gmail.com,doctor
875,Emma,Warthman,Emma.Warthman@yopmail.com,Emma.Warthman@gmail.com,firefighter
876,Lyssa,Elbertina,Lyssa.Elbertina@yopmail.com,Lyssa.Elbertina@gmail.com,worker
877,Raina,Raffo,Raina.Raffo@yopmail.com,Raina.Raffo@gmail.com,firefighter
878,Kore,Joeann,Kore.Joeann@yopmail.com,Kore.Joeann@gmail.com,doctor
879,Annaliese,Zeeba,Annaliese.Zeeba@yopmail.com,Annaliese.Zeeba@gmail.com,police officer
880,Lorenza,Amand,Lorenza.Amand@yopmail.com,Lorenza.Amand@gmail.com,police officer
881,Annora,Infield,Annora.Infield@yopmail.com,Annora.Infield@gmail.com,doctor
882,Jennica,Havens,Jennica.Havens@yopmail.com,Jennica.Havens@gmail.com,worker
883,Zaria,Orlene,Zaria.Orlene@yopmail.com,Zaria.Orlene@gmail.com,developer
884,Shirlee,Klemperer,Shirlee.Klemperer@yopmail.com,Shirlee.Klemperer@gmail.com,firefighter
885,Genevra,Magnolia,Genevra.Magnolia@yopmail.com,Genevra.Magnolia@gmail.com,firefighter
886,Alyssa,McClimans,Alyssa.McClimans@yopmail.com,Alyssa.McClimans@gmail.com,developer
887,Kary,Lowry,Kary.Lowry@yopmail.com,Kary.Lowry@gmail.com,doctor
888,Misha,McAdams,Misha.McAdams@yopmail.com,Misha.McAdams@gmail.com,police officer
889,Winifred,Bryna,Winifred.Bryna@yopmail.com,Winifred.Bryna@gmail.com,developer
890,Beverley,Tybald,Beverley.Tybald@yopmail.com,Beverley.Tybald@gmail.com,police officer
891,Jaclyn,Flyn,Jaclyn.Flyn@yopmail.com,Jaclyn.Flyn@gmail.com,worker
892,Carolina,Colbert,Carolina.Colbert@yopmail.com,Carolina.Colbert@gmail.com,doctor
893,Dorothy,Annice,Dorothy.Annice@yopmail.com,Dorothy.Annice@gmail.com,worker
894,Kerrin,Edee,Kerrin.Edee@yopmail.com,Kerrin.Edee@gmail.com,developer
895,Nollie,Vorster,Nollie.Vorster@yopmail.com,Nollie.Vorster@gmail.com,police officer
896,Marguerite,McAdams,Marguerite.McAdams@yopmail.com,Marguerite.McAdams@gmail.com,firefighter
897,Nikki,Myrilla,Nikki.Myrilla@yopmail.com,Nikki.Myrilla@gmail.com,police officer
898,Augustine,Shaddock,Augustine.Shaddock@yopmail.com,Augustine.Shaddock@gmail.com,worker
899,Paulita,Jess,Paulita.Jess@yopmail.com,Paulita.Jess@gmail.com,police officer
900,Tressa,Beebe,Tressa.Beebe@yopmail.com,Tressa.Beebe@gmail.com,developer
901,Sonni,Wittie,Sonni.Wittie@yopmail.com,Sonni.Wittie@gmail.com,doctor
902,Deirdre,Sherrie,Deirdre.Sherrie@yopmail.com,Deirdre.Sherrie@gmail.com,doctor
903,Madeleine,Honoria,Madeleine.Honoria@yopmail.com,Madeleine.Honoria@gmail.com,police officer
904,Kayla,Hilbert,Kayla.Hilbert@yopmail.com,Kayla.Hilbert@gmail.com,worker
905,Amelia,Travax,Amelia.Travax@yopmail.com,Amelia.Travax@gmail.com,doctor
906,Vinita,Oneida,Vinita.Oneida@yopmail.com,Vinita.Oneida@gmail.com,firefighter
907,Carlie,Maryanne,Carlie.Maryanne@yopmail.com,Carlie.Maryanne@gmail.com,police officer
908,Robbi,Colbert,Robbi.Colbert@yopmail.com,Robbi.Colbert@gmail.com,doctor
909,Amii,Jagir,Amii.Jagir@yopmail.com,Amii.Jagir@gmail.com,worker
910,Kassey,Bahr,Kassey.Bahr@yopmail.com,Kassey.Bahr@gmail.com,doctor
911,Catrina,Lory,Catrina.Lory@yopmail.com,Catrina.Lory@gmail.com,firefighter
912,Almeta,Meli,Almeta.Meli@yopmail.com,Almeta.Meli@gmail.com,doctor
913,Carolina,Gino,Carolina.Gino@yopmail.com,Carolina.Gino@gmail.com,firefighter
914,Paulita,Lowry,Paulita.Lowry@yopmail.com,Paulita.Lowry@gmail.com,doctor
915,Vere,Tamar,Vere.Tamar@yopmail.com,Vere.Tamar@gmail.com,firefighter
916,Verla,Odell,Verla.Odell@yopmail.com,Verla.Odell@gmail.com,police officer
917,Corry,Bebe,Corry.Bebe@yopmail.com,Corry.Bebe@gmail.com,firefighter
918,Halette,Dannye,Halette.Dannye@yopmail.com,Halette.Dannye@gmail.com,worker
919,Philis,Uird,Philis.Uird@yopmail.com,Philis.Uird@gmail.com,developer
920,Phedra,Greyson,Phedra.Greyson@yopmail.com,Phedra.Greyson@gmail.com,doctor
921,Vonny,Stover,Vonny.Stover@yopmail.com,Vonny.Stover@gmail.com,doctor
922,Joleen,Gusella,Joleen.Gusella@yopmail.com,Joleen.Gusella@gmail.com,worker
923,Emylee,Latini,Emylee.Latini@yopmail.com,Emylee.Latini@gmail.com,firefighter
924,Stephanie,Longfellow,Stephanie.Longfellow@yopmail.com,Stephanie.Longfellow@gmail.com,worker
925,Lonnie,Harl,Lonnie.Harl@yopmail.com,Lonnie.Harl@gmail.com,developer
926,Sam,Nisbet,Sam.Nisbet@yopmail.com,Sam.Nisbet@gmail.com,police officer
927,Tilly,Bertold,Tilly.Bertold@yopmail.com,Tilly.Bertold@gmail.com,police officer
928,Lelah,Meter,Lelah.Meter@yopmail.com,Lelah.Meter@gmail.com,police officer
929,Zondra,Gerge,Zondra.Gerge@yopmail.com,Zondra.Gerge@gmail.com,police officer
930,Cecile,Faria,Cecile.Faria@yopmail.com,Cecile.Faria@gmail.com,doctor
931,Maryellen,Faria,Maryellen.Faria@yopmail.com,Maryellen.Faria@gmail.com,doctor
932,Isa,Clie,Isa.Clie@yopmail.com,Isa.Clie@gmail.com,firefighter
933,Perry,Karna,Perry.Karna@yopmail.com,Perry.Karna@gmail.com,firefighter
934,Roslyn,Ralfston,Roslyn.Ralfston@yopmail.com,Roslyn.Ralfston@gmail.com,firefighter
935,Carolina,Trinetta,Carolina.Trinetta@yopmail.com,Carolina.Trinetta@gmail.com,doctor
936,Elbertina,Roxanna,Elbertina.Roxanna@yopmail.com,Elbertina.Roxanna@gmail.com,developer
937,Blondelle,Riva,Blondelle.Riva@yopmail.com,Blondelle.Riva@gmail.com,worker
938,Arabel,Jorgan,Arabel.Jorgan@yopmail.com,Arabel.Jorgan@gmail.com,doctor
939,Carly,Candy,Carly.Candy@yopmail.com,Carly.Candy@gmail.com,firefighter
940,Mellicent,Behre,Mellicent.Behre@yopmail.com,Mellicent.Behre@gmail.com,firefighter
941,Sabina,Simmonds,Sabina.Simmonds@yopmail.com,Sabina.Simmonds@gmail.com,firefighter
942,Sara-Ann,Bearnard,Sara-Ann.Bearnard@yopmail.com,Sara-Ann.Bearnard@gmail.com,police officer
943,Chere,Chrystel,Chere.Chrystel@yopmail.com,Chere.Chrystel@gmail.com,worker
944,Kara-Lynn,Ambrosia,Kara-Lynn.Ambrosia@yopmail.com,Kara-Lynn.Ambrosia@gmail.com,police officer
945,Patricia,Harday,Patricia.Harday@yopmail.com,Patricia.Harday@gmail.com,firefighter
946,Dania,McLaughlin,Dania.McLaughlin@yopmail.com,Dania.McLaughlin@gmail.com,doctor
947,Harrietta,Ferino,Harrietta.Ferino@yopmail.com,Harrietta.Ferino@gmail.com,firefighter
948,Aimil,Martguerita,Aimil.Martguerita@yopmail.com,Aimil.Martguerita@gmail.com,police officer
949,Roberta,Cherianne,Roberta.Cherianne@yopmail.com,Roberta.Cherianne@gmail.com,developer
950,Dorthy,Eckblad,Dorthy.Eckblad@yopmail.com,Dorthy.Eckblad@gmail.com,firefighter
951,Kenna,Bury,Kenna.Bury@yopmail.com,Kenna.Bury@gmail.com,worker
952,Vonny,Stav,Vonny.Stav@yopmail.com,Vonny.Stav@gmail.com,firefighter
953,Dominga,Helve,Dominga.Helve@yopmail.com,Dominga.Helve@gmail.com,developer
954,Riannon,Pulsifer,Riannon.Pulsifer@yopmail.com,Riannon.Pulsifer@gmail.com,worker
955,Kirstin,Pip,Kirstin.Pip@yopmail.com,Kirstin.Pip@gmail.com,police officer
956,Damaris,Glenden,Damaris.Glenden@yopmail.com,Damaris.Glenden@gmail.com,worker
957,Kara-Lynn,Leary,Kara-Lynn.Leary@yopmail.com,Kara-Lynn.Leary@gmail.com,developer
958,Gusella,Morgun,Gusella.Morgun@yopmail.com,Gusella.Morgun@gmail.com,developer
959,Emilia,Jacqui,Emilia.Jacqui@yopmail.com,Emilia.Jacqui@gmail.com,developer
960,Dode,Henebry,Dode.Henebry@yopmail.com,Dode.Henebry@gmail.com,firefighter
961,Tomasina,Yoko,Tomasina.Yoko@yopmail.com,Tomasina.Yoko@gmail.com,firefighter
962,Carmencita,Monk,Carmencita.Monk@yopmail.com,Carmencita.Monk@gmail.com,worker
963,Ricky,Suk,Ricky.Suk@yopmail.com,Ricky.Suk@gmail.com,worker
964,Nyssa,Pip,Nyssa.Pip@yopmail.com,Nyssa.Pip@gmail.com,doctor
965,Nyssa,Noman,Nyssa.Noman@yopmail.com,Nyssa.Noman@gmail.com,firefighter
966,Nelle,Dichy,Nelle.Dichy@yopmail.com,Nelle.Dichy@gmail.com,police officer
967,Alexine,Ader,Alexine.Ader@yopmail.com,Alexine.Ader@gmail.com,firefighter
968,Leeanne,Karylin,Leeanne.Karylin@yopmail.com,Leeanne.Karylin@gmail.com,developer
969,Aryn,Ingra,Aryn.Ingra@yopmail.com,Aryn.Ingra@gmail.com,doctor
970,Consuela,Zenas,Consuela.Zenas@yopmail.com,Consuela.Zenas@gmail.com,doctor
971,Glynnis,Dorothy,Glynnis.Dorothy@yopmail.com,Glynnis.Dorothy@gmail.com,firefighter
972,Chloris,Wallis,Chloris.Wallis@yopmail.com,Chloris.Wallis@gmail.com,doctor
973,Marnia,Gibbeon,Marnia.Gibbeon@yopmail.com,Marnia.Gibbeon@gmail.com,worker
974,Desirae,Bandeen,Desirae.Bandeen@yopmail.com,Desirae.Bandeen@gmail.com,firefighter
975,Lita,Kare,Lita.Kare@yopmail.com,Lita.Kare@gmail.com,developer
976,Gretal,Devlen,Gretal.Devlen@yopmail.com,Gretal.Devlen@gmail.com,doctor
977,Xylina,Janith,Xylina.Janith@yopmail.com,Xylina.Janith@gmail.com,doctor
978,Amelia,Chobot,Amelia.Chobot@yopmail.com,Amelia.Chobot@gmail.com,developer
979,Mariann,Lubin,Mariann.Lubin@yopmail.com,Mariann.Lubin@gmail.com,firefighter
980,Cherilyn,Soneson,Cherilyn.Soneson@yopmail.com,Cherilyn.Soneson@gmail.com,police officer
981,Correy,August,Correy.August@yopmail.com,Correy.August@gmail.com,firefighter
982,Patricia,Atonsah,Patricia.Atonsah@yopmail.com,Patricia.Atonsah@gmail.com,firefighter
983,Evita,Nahum,Evita.Nahum@yopmail.com,Evita.Nahum@gmail.com,police officer
984,Latisha,Lutero,Latisha.Lutero@yopmail.com,Latisha.Lutero@gmail.com,doctor
985,Melisent,Haymes,Melisent.Haymes@yopmail.com,Melisent.Haymes@gmail.com,firefighter
986,Belva,Johanna,Belva.Johanna@yopmail.com,Belva.Johanna@gmail.com,worker
987,Dode,Mich,Dode.Mich@yopmail.com,Dode.Mich@gmail.com,police officer
988,Caritta,Myrilla,Caritta.Myrilla@yopmail.com,Caritta.Myrilla@gmail.com,doctor
989,Rozele,Orpah,Rozele.Orpah@yopmail.com,Rozele.Orpah@gmail.com,developer
990,Myriam,Carolin,Myriam.Carolin@yopmail.com,Myriam.Carolin@gmail.com,developer
991,Ardenia,Girardo,Ardenia.Girardo@yopmail.com,Ardenia.Girardo@gmail.com,firefighter
992,Gratia,Noman,Gratia.Noman@yopmail.com,Gratia.Noman@gmail.com,firefighter
993,Chandra,Clywd,Chandra.Clywd@yopmail.com,Chandra.Clywd@gmail.com,developer
994,Lily,Joseph,Lily.Joseph@yopmail.com,Lily.Joseph@gmail.com,developer
995,Nannie,Naor,Nannie.Naor@yopmail.com,Nannie.Naor@gmail.com,developer
996,Darci,Ramona,Darci.Ramona@yopmail.com,Darci.Ramona@gmail.com,doctor
997,Caressa,Solitta,Caressa.Solitta@yopmail.com,Caressa.Solitta@gmail.com,firefighter
998,Aurore,Seagraves,Aurore.Seagraves@yopmail.com,Aurore.Seagraves@gmail.com,doctor
999,Leona,Bartlett,Leona.Bartlett@yopmail.com,Leona.Bartlett@gmail.com,developer
1000,Edee,Lutero,Edee.Lutero@yopmail.com,Edee.Lutero@gmail.com,police officer
1001,Ingrid,Fiester,Ingrid.Fiester@yopmail.com,Ingrid.Fiester@gmail.com,firefighter
1002,Margalo,Evangelia,Margalo.Evangelia@yopmail.com,Margalo.Evangelia@gmail.com,police officer
1003,Gilligan,Bebe,Gilligan.Bebe@yopmail.com,Gilligan.Bebe@gmail.com,developer
1004,Fidelia,Aurelio,Fidelia.Aurelio@yopmail.com,Fidelia.Aurelio@gmail.com,police officer
1005,Renae,Alfons,Renae.Alfons@yopmail.com,Renae.Alfons@gmail.com,developer
1006,Justinn,Ball,Justinn.Ball@yopmail.com,Justinn.Ball@gmail.com,police officer
1007,Libbie,Even,Libbie.Even@yopmail.com,Libbie.Even@gmail.com,worker
1008,Konstance,Isacco,Konstance.Isacco@yopmail.com,Konstance.Isacco@gmail.com,developer
1009,Wynne,Bennie,Wynne.Bennie@yopmail.com,Wynne.Bennie@gmail.com,firefighter
1010,Odessa,Haldas,Odessa.Haldas@yopmail.com,Odessa.Haldas@gmail.com,firefighter
1011,Tamqrah,Olin,Tamqrah.Olin@yopmail.com,Tamqrah.Olin@gmail.com,doctor
1012,Mary,Yorick,Mary.Yorick@yopmail.com,Mary.Yorick@gmail.com,doctor
1013,Darci,Maples,Darci.Maples@yopmail.com,Darci.Maples@gmail.com,worker
1014,Aigneis,Lindemann,Aigneis.Lindemann@yopmail.com,Aigneis.Lindemann@gmail.com,doctor
1015,Shirlee,Lemuela,Shirlee.Lemuela@yopmail.com,Shirlee.Lemuela@gmail.com,developer
1016,Maud,Skell,Maud.Skell@yopmail.com,Maud.Skell@gmail.com,doctor
1017,Sallie,Ethban,Sallie.Ethban@yopmail.com,Sallie.Ethban@gmail.com,developer
1018,Maridel,Hortensia,Maridel.Hortensia@yopmail.com,Maridel.Hortensia@gmail.com,doctor
1019,Dorice,Dorothy,Dorice.Dorothy@yopmail.com,Dorice.Dorothy@gmail.com,firefighter
1020,Kittie,Gherardo,Kittie.Gherardo@yopmail.com,Kittie.Gherardo@gmail.com,worker
1021,Sharlene,Schenck,Sharlene.Schenck@yopmail.com,Sharlene.Schenck@gmail.com,developer
1022,Lynea,Marlie,Lynea.Marlie@yopmail.com,Lynea.Marlie@gmail.com,police officer
1023,Lynde,Brunell,Lynde.Brunell@yopmail.com,Lynde.Brunell@gmail.com,worker
1024,Janis,Dominy,Janis.Dominy@yopmail.com,Janis.Dominy@gmail.com,developer
1025,Meg,Chick,Meg.Chick@yopmail.com,Meg.Chick@gmail.com,developer
1026,Addia,Alarise,Addia.Alarise@yopmail.com,Addia.Alarise@gmail.com,police officer
1027,Dode,Odysseus,Dode.Odysseus@yopmail.com,Dode.Odysseus@gmail.com,firefighter
1028,Brynna,Mata,Brynna.Mata@yopmail.com,Brynna.Mata@gmail.com,police officer
1029,Bobinette,Dearborn,Bobinette.Dearborn@yopmail.com,Bobinette.Dearborn@gmail.com,police officer
1030,Lesly,Cressida,Lesly.Cressida@yopmail.com,Lesly.Cressida@gmail.com,firefighter
1031,Sheree,Bultman,Sheree.Bultman@yopmail.com,Sheree.Bultman@gmail.com,firefighter
1032,Raf,Hathaway,Raf.Hathaway@yopmail.com,Raf.Hathaway@gmail.com,developer
1033,Jenda,Read,Jenda.Read@yopmail.com,Jenda.Read@gmail.com,police officer
1034,Emmey,Elbertina,Emmey.Elbertina@yopmail.com,Emmey.Elbertina@gmail.com,worker
1035,Angela,Carey,Angela.Carey@yopmail.com,Angela.Carey@gmail.com,doctor
1036,Dale,Tice,Dale.Tice@yopmail.com,Dale.Tice@gmail.com,doctor
1037,Winifred,Seligman,Winifred.Seligman@yopmail.com,Winifred.Seligman@gmail.com,doctor
1038,Frieda,Gaspard,Frieda.Gaspard@yopmail.com,Frieda.Gaspard@gmail.com,firefighter
1039,Kathi,Cordi,Kathi.Cordi@yopmail.com,Kathi.Cordi@gmail.com,firefighter
1040,Gilda,Hoban,Gilda.Hoban@yopmail.com,Gilda.Hoban@gmail.com,doctor
1041,Karolina,Lane,Karolina.Lane@yopmail.com,Karolina.Lane@gmail.com,doctor
1042,Dianemarie,Alejoa,Dianemarie.Alejoa@yopmail.com,Dianemarie.Alejoa@gmail.com,doctor
1043,Nollie,Sidonius,Nollie.Sidonius@yopmail.com,Nollie.Sidonius@gmail.com,doctor
1044,Kalina,Aurelio,Kalina.Aurelio@yopmail.com,Kalina.Aurelio@gmail.com,developer
1045,Chloris,Jefferey,Chloris.Jefferey@yopmail.com,Chloris.Jefferey@gmail.com,developer
1046,Lyssa,Vacuva,Lyssa.Vacuva@yopmail.com,Lyssa.Vacuva@gmail.com,police officer
1047,Cherrita,Elsinore,Cherrita.Elsinore@yopmail.com,Cherrita.Elsinore@gmail.com,worker
1048,Joelly,Erminia,Joelly.Erminia@yopmail.com,Joelly.Erminia@gmail.com,police officer
1049,Aeriela,Garrison,Aeriela.Garrison@yopmail.com,Aeriela.Garrison@gmail.com,doctor
1050,Oralee,Berne,Oralee.Berne@yopmail.com,Oralee.Berne@gmail.com,developer
1051,Etta,Ardeha,Etta.Ardeha@yopmail.com,Etta.Ardeha@gmail.com,worker
1052,Sherrie,Kelula,Sherrie.Kelula@yopmail.com,Sherrie.Kelula@gmail.com,worker
1053,Nerta,Lory,Nerta.Lory@yopmail.com,Nerta.Lory@gmail.com,police officer
1054,Sadie,Pearse,Sadie.Pearse@yopmail.com,Sadie.Pearse@gmail.com,police officer
1055,Riannon,Pauly,Riannon.Pauly@yopmail.com,Riannon.Pauly@gmail.com,firefighter
1056,Ottilie,Ciro,Ottilie.Ciro@yopmail.com,Ottilie.Ciro@gmail.com,worker
1057,Donnie,Septima,Donnie.Septima@yopmail.com,Donnie.Septima@gmail.com,worker
1058,Estell,Pillsbury,Estell.Pillsbury@yopmail.com,Estell.Pillsbury@gmail.com,police officer
1059,Bill,Anis,Bill.Anis@yopmail.com,Bill.Anis@gmail.com,developer
1060,Kore,Chobot,Kore.Chobot@yopmail.com,Kore.Chobot@gmail.com,developer
1061,Larine,Erskine,Larine.Erskine@yopmail.com,Larine.Erskine@gmail.com,worker
1062,Fayre,Bearnard,Fayre.Bearnard@yopmail.com,Fayre.Bearnard@gmail.com,doctor
1063,Shandie,Halla,Shandie.Halla@yopmail.com,Shandie.Halla@gmail.com,developer
1064,Maud,Hertzfeld,Maud.Hertzfeld@yopmail.com,Maud.Hertzfeld@gmail.com,worker
1065,Molli,Grosz,Molli.Grosz@yopmail.com,Molli.Grosz@gmail.com,police officer
1066,Sindee,Mich,Sindee.Mich@yopmail.com,Sindee.Mich@gmail.com,police officer
1067,Nadine,Gaynor,Nadine.Gaynor@yopmail.com,Nadine.Gaynor@gmail.com,doctor
1068,Amelia,Cadmar,Amelia.Cadmar@yopmail.com,Amelia.Cadmar@gmail.com,developer
1069,Christy,Beniamino,Christy.Beniamino@yopmail.com,Christy.Beniamino@gmail.com,developer
1070,Marti,Giule,Marti.Giule@yopmail.com,Marti.Giule@gmail.com,doctor
1071,Zondra,Tufts,Zondra.Tufts@yopmail.com,Zondra.Tufts@gmail.com,doctor
1072,Aubrie,Buckler,Aubrie.Buckler@yopmail.com,Aubrie.Buckler@gmail.com,worker
1073,Lilith,Andrel,Lilith.Andrel@yopmail.com,Lilith.Andrel@gmail.com,developer
1074,Nonnah,Stover,Nonnah.Stover@yopmail.com,Nonnah.Stover@gmail.com,police officer
1075,Sidoney,Jalbert,Sidoney.Jalbert@yopmail.com,Sidoney.Jalbert@gmail.com,doctor
1076,Sue,Adlare,Sue.Adlare@yopmail.com,Sue.Adlare@gmail.com,developer
1077,Anallese,Jefferey,Anallese.Jefferey@yopmail.com,Anallese.Jefferey@gmail.com,developer
1078,Vivia,Shuler,Vivia.Shuler@yopmail.com,Vivia.Shuler@gmail.com,developer
1079,Petronia,Alwin,Petronia.Alwin@yopmail.com,Petronia.Alwin@gmail.com,doctor
1080,Kara-Lynn,Decato,Kara-Lynn.Decato@yopmail.com,Kara-Lynn.Decato@gmail.com,firefighter
1081,Cecile,Atonsah,Cecile.Atonsah@yopmail.com,Cecile.Atonsah@gmail.com,worker
1082,Imojean,Rosemary,Imojean.Rosemary@yopmail.com,Imojean.Rosemary@gmail.com,worker
1083,Kore,Ivens,Kore.Ivens@yopmail.com,Kore.Ivens@gmail.com,firefighter
1084,Oona,Buckler,Oona.Buckler@yopmail.com,Oona.Buckler@gmail.com,worker
1085,Ayn,Hazlett,Ayn.Hazlett@yopmail.com,Ayn.Hazlett@gmail.com,worker
1086,Maisey,Lacombe,Maisey.Lacombe@yopmail.com,Maisey.Lacombe@gmail.com,police officer
1087,Marline,Rosemary,Marline.Rosemary@yopmail.com,Marline.Rosemary@gmail.com,worker
1088,Arabel,Gusella,Arabel.Gusella@yopmail.com,Arabel.Gusella@gmail.com,firefighter
1089,Dorene,Markman,Dorene.Markman@yopmail.com,Dorene.Markman@gmail.com,doctor
1090,Myrtice,Agle,Myrtice.Agle@yopmail.com,Myrtice.Agle@gmail.com,firefighter
1091,Melina,Chaing,Melina.Chaing@yopmail.com,Melina.Chaing@gmail.com,firefighter
1092,Imojean,Goldina,Imojean.Goldina@yopmail.com,Imojean.Goldina@gmail.com,worker
1093,Sallie,Louanna,Sallie.Louanna@yopmail.com,Sallie.Louanna@gmail.com,worker
1094,Renae,Kamaria,Renae.Kamaria@yopmail.com,Renae.Kamaria@gmail.com,police officer
1095,Lita,Fredi,Lita.Fredi@yopmail.com,Lita.Fredi@gmail.com,developer
1096,Leia,Mich,Leia.Mich@yopmail.com,Leia.Mich@gmail.com,police officer
1097,Layla,Standing,Layla.Standing@yopmail.com,Layla.Standing@gmail.com,developer
1098,Eolanda,Taam,Eolanda.Taam@yopmail.com,Eolanda.Taam@gmail.com,worker
1099,Henriette,Lymann,Henriette.Lymann@yopmail.com,Henriette.Lymann@gmail.com,worker